config_id,seed,d,rho,s,alpha,dimension,status,empirical_kappa,exact_kappa_alpha,exact_absolute_error,exact_relative_error,rho_squared_d,approximation_signed_error,approximation_absolute_error
cfg_006f81767bcd904a,202608080,10,-0.8,1.0,0.75,4,success,0.5261172906129336,0.5297723292469353,0.0036550386340017393,0.006899263008314026,,,
cfg_006f81767bcd904a,202608081,10,-0.8,1.0,0.75,4,success,0.5212201535109163,0.5297723292469353,0.008552175736018963,0.01614311519096472,,,
cfg_006f81767bcd904a,202608082,10,-0.8,1.0,0.75,4,success,0.5341755649112739,0.5297723292469353,0.004403235664338645,0.008311562196156582,,,
cfg_006f81767bcd904a,202608083,10,-0.8,1.0,0.75,4,success,0.5314833892043768,0.5297723292469353,0.0017110599574414742,0.0032298024320630797,,,
cfg_006f81767bcd904a,202608084,10,-0.8,1.0,0.75,4,success,0.5318744541687954,0.5297723292469353,0.0021021249218601268,0.00396797795167647,,,
cfg_00dc1fcee6435fa8,202608080,5,0.0,1.0,0.25,4,success,0.20923005304196704,0.2173913043478261,0.008161251305859069,0.03754175600695171,,,
cfg_00dc1fcee6435fa8,202608081,5,0.0,1.0,0.25,4,success,0.23028721354347287,0.2173913043478261,0.01289590919564676,0.059321182299975087,,,
cfg_00dc1fcee6435fa8,202608082,5,0.0,1.0,0.25,4,success,0.2159372930312825,0.2173913043478261,0.001454011316543602,0.006688452056100568,,,
cfg_00dc1fcee6435fa8,202608083,5,0.0,1.0,0.25,4,success,0.2036499835538614,0.2173913043478261,0.0137413207939647,0.06321007565223762,,,
cfg_00dc1fcee6435fa8,202608084,5,0.0,1.0,0.25,4,success,0.2145393424317105,0.2173913043478261,0.002851961916115614,0.013119024814131823,,,
cfg_0104c18cec9636e9,202608080,20,0.8,1.0,0.75,4,success,1.589620482914634,1.5924128804587558,0.0027923975441217497,0.0017535637763224398,,,
cfg_0104c18cec9636e9,202608081,20,0.8,1.0,0.75,4,success,1.5906320778276892,1.5924128804587558,0.0017808026310666136,0.001118304588539616,,,
cfg_0104c18cec9636e9,202608082,20,0.8,1.0,0.75,4,success,1.5917468763207403,1.5924128804587558,0.0006660041380155413,0.0004182358395792887,,,
cfg_0104c18cec9636e9,202608083,20,0.8,1.0,0.75,4,success,1.587792094423424,1.5924128804587558,0.004620786035331781,0.002901751230497825,,,
cfg_0104c18cec9636e9,202608084,20,0.8,1.0,0.75,4,success,1.5830436231975913,1.5924128804587558,0.009369257261164554,0.005883685931041565,,,
cfg_01cbe91c7ba28b8b,202608080,10,0.4,4.0,0.25,4,success,0.9965909701297803,0.9829406986190092,0.013650271510771028,0.013887177049387711,,,
cfg_01cbe91c7ba28b8b,202608081,10,0.4,4.0,0.25,4,success,1.0060416704700224,0.9829406986190092,0.02310097185101312,0.023501897808757968,,,
cfg_01cbe91c7ba28b8b,202608082,10,0.4,4.0,0.25,4,success,0.9673681838690673,0.9829406986190092,0.015572514749941924,0.015842781534858266,,,
cfg_01cbe91c7ba28b8b,202608083,10,0.4,4.0,0.25,4,success,0.9395109907194733,0.9829406986190092,0.04342970789953593,0.04418344663167662,,,
cfg_01cbe91c7ba28b8b,202608084,10,0.4,4.0,0.25,4,success,0.9773440367150605,0.9829406986190092,0.0055966619039486964,0.005693794052694912,,,
cfg_0272300ee71b580e,202608080,10,0.8,1.0,0.25,4,success,5.1043199647698705,5.197841726618707,0.09352176184883643,0.017992422002751914,,,
cfg_0272300ee71b580e,202608081,10,0.8,1.0,0.25,4,success,5.246696793540257,5.197841726618707,0.04885506692154973,0.009399106300478076,,,
cfg_0272300ee71b580e,202608082,10,0.8,1.0,0.25,4,success,5.0143266442200405,5.197841726618707,0.18351508239866643,0.03530601585247699,,,
cfg_0272300ee71b580e,202608083,10,0.8,1.0,0.25,4,success,5.324116503533744,5.197841726618707,0.12627477691503675,0.02429369410545343,,,
cfg_0272300ee71b580e,202608084,10,0.8,1.0,0.25,4,success,5.1887544216582935,5.197841726618707,0.009087304960413434,0.0017482842761210613,,,
cfg_0291ce860bc59ba6,202608080,20,0.0,1.0,1.0,4,success,1.0,1.0,0.0,0.0,,,
cfg_0291ce860bc59ba6,202608081,20,0.0,1.0,1.0,4,success,1.0,1.0,0.0,0.0,,,
cfg_0291ce860bc59ba6,202608082,20,0.0,1.0,1.0,4,success,1.0,1.0,0.0,0.0,,,
cfg_0291ce860bc59ba6,202608083,20,0.0,1.0,1.0,4,success,1.0,1.0,0.0,0.0,,,
cfg_0291ce860bc59ba6,202608084,20,0.0,1.0,1.0,4,success,1.0,1.0,0.0,0.0,,,
cfg_02ceabcd8a7f8c0b,202608080,2,-0.8,4.0,0.0,4,success,0.5147255210731435,0.5245901639344265,0.009864642861282968,0.018804475454320648,1.2800000000000002,0.7554098360655738,0.7554098360655738
cfg_02ceabcd8a7f8c0b,202608081,2,-0.8,4.0,0.0,4,success,0.5064667437654828,0.5245901639344265,0.018123420168943638,0.03454776969704879,1.2800000000000002,0.7554098360655738,0.7554098360655738
cfg_02ceabcd8a7f8c0b,202608082,2,-0.8,4.0,0.0,4,success,0.5353693377362873,0.5245901639344265,0.010779173801860775,0.020547800059797092,1.2800000000000002,0.7554098360655738,0.7554098360655738
cfg_02ceabcd8a7f8c0b,202608083,2,-0.8,4.0,0.0,4,success,0.5004703095643309,0.5245901639344265,0.02411985437009556,0.04597847239299464,1.2800000000000002,0.7554098360655738,0.7554098360655738
cfg_02ceabcd8a7f8c0b,202608084,2,-0.8,4.0,0.0,4,success,0.49907469424184137,0.5245901639344265,0.025515469692585113,0.04863886410149035,1.2800000000000002,0.7554098360655738,0.7554098360655738
cfg_03da992e5e2c7b97,202608080,2,0.0,4.0,0.5,4,success,0.28042566446604583,0.2857142857142857,0.0052886212482398665,0.018510174368839533,,,
cfg_03da992e5e2c7b97,202608081,2,0.0,4.0,0.5,4,success,0.29066127657806834,0.2857142857142857,0.004946990863782641,0.017314468023239243,,,
cfg_03da992e5e2c7b97,202608082,2,0.0,4.0,0.5,4,success,0.28318589964485297,0.2857142857142857,0.002528386069432731,0.008849351243014558,,,
cfg_03da992e5e2c7b97,202608083,2,0.0,4.0,0.5,4,success,0.29722520472800146,0.2857142857142857,0.011510919013715759,0.04028821654800516,,,
cfg_03da992e5e2c7b97,202608084,2,0.0,4.0,0.5,4,success,0.2794872735497538,0.2857142857142857,0.00622701216453192,0.02179454257586172,,,
cfg_0449e9b6fec212fb,202608080,5,0.4,0.5,0.0,4,success,0.5707232818442889,0.5633802816901409,0.007343000154148016,0.013033825273612729,0.8000000000000002,0.23661971830985928,0.23661971830985928
cfg_0449e9b6fec212fb,202608081,5,0.4,0.5,0.0,4,success,0.5546062277359602,0.5633802816901409,0.008774053954180627,0.015573945768670612,0.8000000000000002,0.23661971830985928,0.23661971830985928
cfg_0449e9b6fec212fb,202608082,5,0.4,0.5,0.0,4,success,0.5586956285454667,0.5633802816901409,0.004684653144674145,0.008315259331796606,0.8000000000000002,0.23661971830985928,0.23661971830985928
cfg_0449e9b6fec212fb,202608083,5,0.4,0.5,0.0,4,success,0.578403683775192,0.5633802816901409,0.015023402085051152,0.026666538700965792,0.8000000000000002,0.23661971830985928,0.23661971830985928
cfg_0449e9b6fec212fb,202608084,5,0.4,0.5,0.0,4,success,0.554688690586339,0.5633802816901409,0.00869159110380191,0.015427574209248389,0.8000000000000002,0.23661971830985928,0.23661971830985928
cfg_0487ec75816fdb83,202608080,10,0.8,0.5,1.0,4,success,1.0,1.0,0.0,0.0,,,
cfg_0487ec75816fdb83,202608081,10,0.8,0.5,1.0,4,success,1.0,1.0,0.0,0.0,,,
cfg_0487ec75816fdb83,202608082,10,0.8,0.5,1.0,4,success,1.0,1.0,0.0,0.0,,,
cfg_0487ec75816fdb83,202608083,10,0.8,0.5,1.0,4,success,1.0,1.0,0.0,0.0,,,
cfg_0487ec75816fdb83,202608084,10,0.8,0.5,1.0,4,success,1.0,1.0,0.0,0.0,,,
cfg_04a66a54f3de24db,202608080,20,-0.8,0.5,0.0,4,success,10.590091867683736,10.847457627118647,0.25736575943491147,0.023725905947905895,12.800000000000002,1.9525423728813553,1.9525423728813553
cfg_04a66a54f3de24db,202608081,20,-0.8,0.5,0.0,4,success,11.224242059888292,10.847457627118647,0.3767844327696448,0.03473481489595162,12.800000000000002,1.9525423728813553,1.9525423728813553
cfg_04a66a54f3de24db,202608082,20,-0.8,0.5,0.0,4,success,11.10649373799524,10.847457627118647,0.2590361108765933,0.023879891471435936,12.800000000000002,1.9525423728813553,1.9525423728813553
cfg_04a66a54f3de24db,202608083,20,-0.8,0.5,0.0,4,success,10.639180552997232,10.847457627118647,0.2082770741214155,0.019200542770567985,12.800000000000002,1.9525423728813553,1.9525423728813553
cfg_04a66a54f3de24db,202608084,20,-0.8,0.5,0.0,4,success,10.384955355719438,10.847457627118647,0.4625022713992095,0.042636928144614616,12.800000000000002,1.9525423728813553,1.9525423728813553
cfg_04c215674a3b6853,202608080,10,0.4,0.5,0.75,4,success,1.2593065587122727,1.2644935462699627,0.0051869875576899815,0.0041020277034949666,,,
cfg_04c215674a3b6853,202608081,10,0.4,0.5,0.75,4,success,1.273219675783016,1.2644935462699627,0.008726129513053404,0.006900888928056594,,,
cfg_04c215674a3b6853,202608082,10,0.4,0.5,0.75,4,success,1.2624437611314865,1.2644935462699627,0.002049785138476201,0.0016210325031098126,,,
cfg_04c215674a3b6853,202608083,10,0.4,0.5,0.75,4,success,1.2673458660247998,1.2644935462699627,0.0028523197548371293,0.002255701314768256,,,
cfg_04c215674a3b6853,202608084,10,0.4,0.5,0.75,4,success,1.2601871029884877,1.2644935462699627,0.004306443281475003,0.0034056664774432944,,,
cfg_04fa10d06d49aa69,202608080,20,0.0,0.5,0.5,4,success,0.9224298306803695,0.9302325581395349,0.007802727459165326,0.008387932018602726,,,
cfg_04fa10d06d49aa69,202608081,20,0.0,0.5,0.5,4,success,0.9221761601697883,0.9302325581395349,0.008056397969746554,0.008660627817477545,,,
cfg_04fa10d06d49aa69,202608082,20,0.0,0.5,0.5,4,success,0.9256994432579114,0.9302325581395349,0.004533114881623446,0.004873098497745204,,,
cfg_04fa10d06d49aa69,202608083,20,0.0,0.5,0.5,4,success,0.9326095388334198,0.9302325581395349,0.0023769806938849225,0.0025552542459262918,,,
cfg_04fa10d06d49aa69,202608084,20,0.0,0.5,0.5,4,success,0.9262309649423043,0.9302325581395349,0.004001593197230591,0.004301712687022885,,,
cfg_0597ee6b87f519be,202608080,20,-0.8,0.5,1.0,4,success,1.0,1.0,0.0,0.0,,,
cfg_0597ee6b87f519be,202608081,20,-0.8,0.5,1.0,4,success,1.0,1.0,0.0,0.0,,,
cfg_0597ee6b87f519be,202608082,20,-0.8,0.5,1.0,4,success,1.0,1.0,0.0,0.0,,,
cfg_0597ee6b87f519be,202608083,20,-0.8,0.5,1.0,4,success,1.0,1.0,0.0,0.0,,,
cfg_0597ee6b87f519be,202608084,20,-0.8,0.5,1.0,4,success,1.0,1.0,0.0,0.0,,,
cfg_05a63c547de18d3e,202608080,2,0.8,0.5,0.25,4,success,1.824639721637087,1.8320126782884316,0.00737295665134452,0.00402451180536193,,,
cfg_05a63c547de18d3e,202608081,2,0.8,0.5,0.25,4,success,1.8017829696187848,1.8320126782884316,0.030229708669646804,0.016500818486632464,,,
cfg_05a63c547de18d3e,202608082,2,0.8,0.5,0.25,4,success,1.8384285494592418,1.8320126782884316,0.006415871170810217,0.003502088848426683,,,
cfg_05a63c547de18d3e,202608083,2,0.8,0.5,0.25,4,success,1.8392166309240845,1.8320126782884316,0.007203952635652877,0.003932261343509484,,,
cfg_05a63c547de18d3e,202608084,2,0.8,0.5,0.25,4,success,1.8450769831519092,1.8320126782884316,0.013064304863477538,0.0071311214263445714,,,
cfg_05c35b973a5f5d87,202608080,5,0.8,0.1,0.5,4,success,2.6438276388793205,2.68389662027833,0.040068981399009385,0.014929405662001275,,,
cfg_05c35b973a5f5d87,202608081,5,0.8,0.1,0.5,4,success,2.5184472830641043,2.68389662027833,0.1654493372142256,0.061645197495374435,,,
cfg_05c35b973a5f5d87,202608082,5,0.8,0.1,0.5,4,success,2.712613086755332,2.68389662027833,0.0287164664770021,0.010699542694764487,,,
cfg_05c35b973a5f5d87,202608083,5,0.8,0.1,0.5,4,success,2.6682291260354196,2.68389662027833,0.01566749424291025,0.005837592299395449,,,
cfg_05c35b973a5f5d87,202608084,5,0.8,0.1,0.5,4,success,2.7109161568788265,2.68389662027833,0.027019536600496608,0.010067279192629477,,,
cfg_05f116fa64906757,202608080,5,-0.4,0.5,0.75,4,success,0.7166600246438694,0.7281344248168894,0.011474400173020038,0.015758628876674265,,,
cfg_05f116fa64906757,202608081,5,-0.4,0.5,0.75,4,success,0.7318608875458843,0.7281344248168894,0.003726462728994906,0.0051178224816551335,,,
cfg_05f116fa64906757,202608082,5,-0.4,0.5,0.75,4,success,0.7227350783178552,0.7281344248168894,0.005399346499034174,0.007415315517312613,,,
cfg_05f116fa64906757,202608083,5,-0.4,0.5,0.75,4,success,0.7220217488295716,0.7281344248168894,0.006112675987317795,0.008394982820452425,,,
cfg_05f116fa64906757,202608084,5,-0.4,0.5,0.75,4,success,0.7226400030917481,0.7281344248168894,0.005494421725141252,0.007545889245001682,,,
cfg_060aaee5416a7356,202608080,5,0.8,0.1,0.0,4,success,3.033624245922072,3.0888030888030893,0.055178842881017154,0.017864150382729302,3.2000000000000006,0.11119691119691133,0.11119691119691133
cfg_060aaee5416a7356,202608081,5,0.8,0.1,0.0,4,success,3.6330152148419796,3.0888030888030893,0.5442121260388904,0.17618867580509073,3.2000000000000006,0.11119691119691133,0.11119691119691133
cfg_060aaee5416a7356,202608082,5,0.8,0.1,0.0,4,success,3.0222974791475665,3.0888030888030893,0.06650560965552277,0.021531191125975492,3.2000000000000006,0.11119691119691133,0.11119691119691133
cfg_060aaee5416a7356,202608083,5,0.8,0.1,0.0,4,success,3.2461448487710602,3.0888030888030893,0.15734175996797095,0.05093939478963059,3.2000000000000006,0.11119691119691133,0.11119691119691133
cfg_060aaee5416a7356,202608084,5,0.8,0.1,0.0,4,success,3.2360401494518576,3.0888030888030893,0.1472370606487683,0.047667998385038726,3.2000000000000006,0.11119691119691133,0.11119691119691133
cfg_06532b24741c0d2e,202608080,10,0.0,4.0,0.0,4,success,9.469790073061621e-05,0.0,9.469790073061621e-05,,0.0,0.0,0.0
cfg_06532b24741c0d2e,202608081,10,0.0,4.0,0.0,4,success,0.00011462083985420312,0.0,0.00011462083985420312,,0.0,0.0,0.0
cfg_06532b24741c0d2e,202608082,10,0.0,4.0,0.0,4,success,0.00019222093866794892,0.0,0.00019222093866794892,,0.0,0.0,0.0
cfg_06532b24741c0d2e,202608083,10,0.0,4.0,0.0,4,success,8.963902418564436e-05,0.0,8.963902418564436e-05,,0.0,0.0,0.0
cfg_06532b24741c0d2e,202608084,10,0.0,4.0,0.0,4,success,0.00027925791414354,0.0,0.00027925791414354,,0.0,0.0,0.0
cfg_071ef595e8280e2f,202608080,5,0.4,1.0,0.75,4,success,1.2369600639913203,1.2339880444064901,0.0029720195848301767,0.002408467082239541,,,
cfg_071ef595e8280e2f,202608081,5,0.4,1.0,0.75,4,success,1.2281013224310684,1.2339880444064901,0.005886721975421727,0.004770485420912694,,,
cfg_071ef595e8280e2f,202608082,5,0.4,1.0,0.75,4,success,1.2338589314624746,1.2339880444064901,0.0001291129440155192,0.00010463062798766298,,,
cfg_071ef595e8280e2f,202608083,5,0.4,1.0,0.75,4,success,1.2255302316310552,1.2339880444064901,0.008457812775434892,0.006854047584798795,,,
cfg_071ef595e8280e2f,202608084,5,0.4,1.0,0.75,4,success,1.2260847113633047,1.2339880444064901,0.007903333043185468,0.006404707954027808,,,
cfg_0989736143b007c6,202608080,2,-0.4,0.1,0.0,4,success,0.37935302228017037,0.29520295202952035,0.08415007025065002,0.2850583629740769,0.32000000000000006,0.024797047970479713,0.024797047970479713
cfg_0989736143b007c6,202608081,2,-0.4,0.1,0.0,4,success,0.25456966680174886,0.29520295202952035,0.04063328522777149,0.13764525370907588,0.32000000000000006,0.024797047970479713,0.024797047970479713
cfg_0989736143b007c6,202608082,2,-0.4,0.1,0.0,4,success,0.3671878232887959,0.29520295202952035,0.07198487125927555,0.2438487513907959,0.32000000000000006,0.024797047970479713,0.024797047970479713
cfg_0989736143b007c6,202608083,2,-0.4,0.1,0.0,4,success,0.2701507479606924,0.29520295202952035,0.025052204068827966,0.08486434128315472,0.32000000000000006,0.024797047970479713,0.024797047970479713
cfg_0989736143b007c6,202608084,2,-0.4,0.1,0.0,4,success,0.2833396217530326,0.29520295202952035,0.011863330276487727,0.040187031311602166,0.32000000000000006,0.024797047970479713,0.024797047970479713
cfg_09e7acc2db59d2c4,202608080,20,0.8,4.0,0.5,4,success,2.9185120907271744,2.8877005347593583,0.03081155596781615,0.010669927714780779,,,
cfg_09e7acc2db59d2c4,202608081,20,0.8,4.0,0.5,4,success,2.8551898411740364,2.8877005347593583,0.03251069358532188,0.011258332778620726,,,
cfg_09e7acc2db59d2c4,202608082,20,0.8,4.0,0.5,4,success,2.875122162030671,2.8877005347593583,0.012578372728687448,0.004355843889378801,,,
cfg_09e7acc2db59d2c4,202608083,20,0.8,4.0,0.5,4,success,2.8933232097170776,2.8877005347593583,0.005622674957719287,0.0019471115131361235,,,
cfg_09e7acc2db59d2c4,202608084,20,0.8,4.0,0.5,4,success,2.899369708175419,2.8877005347593583,0.011669173416060552,0.004040991534820969,,,
cfg_09eb33fb175d49c3,202608080,5,0.0,0.1,0.5,4,success,0.8266243318056123,0.819672131147541,0.006952200658071339,0.008481684802847033,,,
cfg_09eb33fb175d49c3,202608081,5,0.0,0.1,0.5,4,success,0.8270037277285949,0.819672131147541,0.0073315965810538675,0.008944547828885718,,,
cfg_09eb33fb175d49c3,202608082,5,0.0,0.1,0.5,4,success,0.8499618526891731,0.819672131147541,0.03028972154163212,0.03695346028079118,,,
cfg_09eb33fb175d49c3,202608083,5,0.0,0.1,0.5,4,success,0.8064723487888424,0.819672131147541,0.013199782358698564,0.016103734477612246,,,
cfg_09eb33fb175d49c3,202608084,5,0.0,0.1,0.5,4,success,0.7998379852739775,0.819672131147541,0.01983414587356347,0.02419765796574743,,,
cfg_0ba5e015083a13a3,202608080,5,-0.4,0.5,0.0,4,success,0.5694407463340236,0.5633802816901409,0.006060464643882768,0.010757324742891913,0.8000000000000002,0.23661971830985928,0.23661971830985928
cfg_0ba5e015083a13a3,202608081,5,-0.4,0.5,0.0,4,success,0.5909175977960176,0.5633802816901409,0.02753731610587673,0.048878736087931196,0.8000000000000002,0.23661971830985928,0.23661971830985928
cfg_0ba5e015083a13a3,202608082,5,-0.4,0.5,0.0,4,success,0.5706814729280673,0.5633802816901409,0.0073011912379263855,0.012959614447319334,0.8000000000000002,0.23661971830985928,0.23661971830985928
cfg_0ba5e015083a13a3,202608083,5,-0.4,0.5,0.0,4,success,0.559962620273614,0.5633802816901409,0.003417661416526885,0.00606634901433522,0.8000000000000002,0.23661971830985928,0.23661971830985928
cfg_0ba5e015083a13a3,202608084,5,-0.4,0.5,0.0,4,success,0.5378035593988149,0.5633802816901409,0.025576722291326015,0.04539868206710367,0.8000000000000002,0.23661971830985928,0.23661971830985928
cfg_0bd62f3f7492c1e0,202608080,10,-0.4,0.1,1.0,4,success,1.0,1.0,0.0,0.0,,,
cfg_0bd62f3f7492c1e0,202608081,10,-0.4,0.1,1.0,4,success,1.0,1.0,0.0,0.0,,,
cfg_0bd62f3f7492c1e0,202608082,10,-0.4,0.1,1.0,4,success,1.0,1.0,0.0,0.0,,,
cfg_0bd62f3f7492c1e0,202608083,10,-0.4,0.1,1.0,4,success,1.0,1.0,0.0,0.0,,,
cfg_0bd62f3f7492c1e0,202608084,10,-0.4,0.1,1.0,4,success,1.0,1.0,0.0,0.0,,,
cfg_0c1a646eefdc8172,202608080,10,0.8,1.0,0.5,4,success,2.821272691769653,2.852112676056338,0.030839984286684885,0.01081303152767717,,,
cfg_0c1a646eefdc8172,202608081,10,0.8,1.0,0.5,4,success,2.887345208968997,2.852112676056338,0.03523253291265904,0.012353134996537245,,,
cfg_0c1a646eefdc8172,202608082,10,0.8,1.0,0.5,4,success,2.9095120117092126,2.852112676056338,0.057399335652874584,0.020125199167180717,,,
cfg_0c1a646eefdc8172,202608083,10,0.8,1.0,0.5,4,success,2.8431865892665145,2.852112676056338,0.00892608678982354,0.003129640306555414,,,
cfg_0c1a646eefdc8172,202608084,10,0.8,1.0,0.5,4,success,2.8596123921699927,2.852112676056338,0.007499716113654742,0.0026295300941703045,,,
cfg_0cab4c1727f497ca,202608080,5,0.4,4.0,0.75,4,success,1.1832005170845086,1.1709886547811992,0.012211862303309395,0.0104286768735528,,,
cfg_0cab4c1727f497ca,202608081,5,0.4,4.0,0.75,4,success,1.1671991565732847,1.1709886547811992,0.003789498207914521,0.003236152794855723,,,
cfg_0cab4c1727f497ca,202608082,5,0.4,4.0,0.75,4,success,1.1751835241205182,1.1709886547811992,0.004194869339319007,0.0035823313250655056,,,
cfg_0cab4c1727f497ca,202608083,5,0.4,4.0,0.75,4,success,1.1738804511143777,1.1709886547811992,0.002891796333178487,0.0024695340312403135,,,
cfg_0cab4c1727f497ca,202608084,5,0.4,4.0,0.75,4,success,1.1658060002782795,1.1709886547811992,0.005182654502919659,0.004425879347130007,,,
cfg_0cc939e912180a64,202608080,5,0.8,0.5,0.25,4,success,3.755998501676478,3.7003841229193353,0.05561437875714281,0.01502935287520018,,,
cfg_0cc939e912180a64,202608081,5,0.8,0.5,0.25,4,success,3.8086588728446507,3.7003841229193353,0.10827474992531538,0.029260408197810134,,,
cfg_0cc939e912180a64,202608082,5,0.8,0.5,0.25,4,success,3.764823259646644,3.7003841229193353,0.06443913672730872,0.01741417501177443,,,
cfg_0cc939e912180a64,202608083,5,0.8,0.5,0.25,4,success,3.5966507784729767,3.7003841229193353,0.10373334444635862,0.028033128724085143,,,
cfg_0cc939e912180a64,202608084,5,0.8,0.5,0.25,4,success,3.635287773207704,3.7003841229193353,0.06509634971163125,0.017591781704077505,,,
cfg_0d30c9c26ffc4a36,202608080,20,0.8,0.5,0.5,4,success,3.030168038840266,3.059490084985836,0.029322046145570102,0.009583965082765041,,,
cfg_0d30c9c26ffc4a36,202608081,20,0.8,0.5,0.5,4,success,3.051821465624119,3.059490084985836,0.007668619361716811,0.0025065024395241053,,,
cfg_0d30c9c26ffc4a36,202608082,20,0.8,0.5,0.5,4,success,3.0194154393467043,3.059490084985836,0.040074645639131656,0.01309847213945692,,,
cfg_0d30c9c26ffc4a36,202608083,20,0.8,0.5,0.5,4,success,3.012244767959225,3.059490084985836,0.047245317026610945,0.015442219361475613,,,
cfg_0d30c9c26ffc4a36,202608084,20,0.8,0.5,0.5,4,success,3.018019014711868,3.059490084985836,0.041471070273968014,0.013554896117324728,,,
cfg_0e55835c6f98c2fb,202608080,5,0.0,4.0,0.5,4,success,0.4955987857783495,0.5,0.004401214221650518,0.008802428443301036,,,
cfg_0e55835c6f98c2fb,202608081,5,0.0,4.0,0.5,4,success,0.49528639620198783,0.5,0.004713603798012167,0.009427207596024334,,,
cfg_0e55835c6f98c2fb,202608082,5,0.0,4.0,0.5,4,success,0.512728244595574,0.5,0.012728244595573979,0.025456489191147957,,,
cfg_0e55835c6f98c2fb,202608083,5,0.0,4.0,0.5,4,success,0.49535521234208896,0.5,0.0046447876579110425,0.009289575315822085,,,
cfg_0e55835c6f98c2fb,202608084,5,0.0,4.0,0.5,4,success,0.47909615423349944,0.5,0.02090384576650056,0.04180769153300112,,,
cfg_0e718b8419766db8,202608080,5,-0.4,4.0,0.75,4,success,0.6831325338754627,0.6847649918962724,0.0016324580208096906,0.00238396828127711,,,
cfg_0e718b8419766db8,202608081,5,-0.4,4.0,0.75,4,success,0.6808642211291063,0.6847649918962724,0.0039007707671661063,0.0056965102090922775,,,
cfg_0e718b8419766db8,202608082,5,-0.4,4.0,0.75,4,success,0.682986765178425,0.6847649918962724,0.001778226717847331,0.0025968423311521966,,,
cfg_0e718b8419766db8,202608083,5,-0.4,4.0,0.75,4,success,0.6804863926173687,0.6847649918962724,0.0042785992789037275,0.006248273976529229,,,
cfg_0e718b8419766db8,202608084,5,-0.4,4.0,0.75,4,success,0.6847392855146921,0.6847649918962724,2.57063815802816e-05,3.754044363321597e-05,,,
cfg_0e90bc817d1d5214,202608080,5,-0.8,1.0,0.0,4,success,2.4108693099920857,2.3529411764705883,0.057928133521497394,0.024619456746636393,3.2000000000000006,0.8470588235294123,0.8470588235294123
cfg_0e90bc817d1d5214,202608081,5,-0.8,1.0,0.0,4,success,2.301571600689217,2.3529411764705883,0.051369575781371246,0.02183206970708278,3.2000000000000006,0.8470588235294123,0.8470588235294123
cfg_0e90bc817d1d5214,202608082,5,-0.8,1.0,0.0,4,success,2.353316194625149,2.3529411764705883,0.0003750181545605358,0.0001593827156882277,3.2000000000000006,0.8470588235294123,0.8470588235294123
cfg_0e90bc817d1d5214,202608083,5,-0.8,1.0,0.0,4,success,2.2818876571150475,2.3529411764705883,0.07105351935554083,0.03019774572610485,3.2000000000000006,0.8470588235294123,0.8470588235294123
cfg_0e90bc817d1d5214,202608084,5,-0.8,1.0,0.0,4,success,2.432748154062006,2.3529411764705883,0.07980697759141764,0.033917965476352493,3.2000000000000006,0.8470588235294123,0.8470588235294123
cfg_0ff3fc083deb0228,202608080,5,-0.4,0.5,1.0,4,success,1.0,1.0,0.0,0.0,,,
cfg_0ff3fc083deb0228,202608081,5,-0.4,0.5,1.0,4,success,1.0,1.0,0.0,0.0,,,
cfg_0ff3fc083deb0228,202608082,5,-0.4,0.5,1.0,4,success,1.0,1.0,0.0,0.0,,,
cfg_0ff3fc083deb0228,202608083,5,-0.4,0.5,1.0,4,success,1.0,1.0,0.0,0.0,,,
cfg_0ff3fc083deb0228,202608084,5,-0.4,0.5,1.0,4,success,1.0,1.0,0.0,0.0,,,
cfg_1192adbbe0922caa,202608080,2,-0.4,0.1,1.0,4,success,1.0,1.0,0.0,0.0,,,
cfg_1192adbbe0922caa,202608081,2,-0.4,0.1,1.0,4,success,1.0,1.0,0.0,0.0,,,
cfg_1192adbbe0922caa,202608082,2,-0.4,0.1,1.0,4,success,1.0,1.0,0.0,0.0,,,
cfg_1192adbbe0922caa,202608083,2,-0.4,0.1,1.0,4,success,1.0,1.0,0.0,0.0,,,
cfg_1192adbbe0922caa,202608084,2,-0.4,0.1,1.0,4,success,1.0,1.0,0.0,0.0,,,
cfg_12092e6f0f018776,202608080,20,0.4,1.0,0.75,4,success,1.2755786939414389,1.2714474263088427,0.004131267632596192,0.0032492634356024726,,,
cfg_12092e6f0f018776,202608081,20,0.4,1.0,0.75,4,success,1.2692686448278747,1.2714474263088427,0.0021787814809679507,0.0017136229433356931,,,
cfg_12092e6f0f018776,202608082,20,0.4,1.0,0.75,4,success,1.265235145987819,1.2714474263088427,0.006212280321023611,0.004885990716154557,,,
cfg_12092e6f0f018776,202608083,20,0.4,1.0,0.75,4,success,1.2736541613412418,1.2714474263088427,0.0022067350323990986,0.0017356085566239282,,,
cfg_12092e6f0f018776,202608084,20,0.4,1.0,0.75,4,success,1.2710030897474034,1.2714474263088427,0.0004443365614392736,0.0003494730118171173,,,
cfg_139bc22007cc7220,202608080,20,-0.8,1.0,0.75,4,success,0.5341666871192648,0.5337450374944861,0.0004216496247787527,0.0007899832226226713,,,
cfg_139bc22007cc7220,202608081,20,-0.8,1.0,0.75,4,success,0.5303589151405124,0.5337450374944861,0.0033861223539737306,0.006344082129304502,,,
cfg_139bc22007cc7220,202608082,20,-0.8,1.0,0.75,4,success,0.5319508854163162,0.5337450374944861,0.0017941520781699083,0.0033614402985216382,,,
cfg_139bc22007cc7220,202608083,20,-0.8,1.0,0.75,4,success,0.5333259491668656,0.5337450374944861,0.0004190883276204982,0.0007851844948063383,,,
cfg_139bc22007cc7220,202608084,20,-0.8,1.0,0.75,4,success,0.5425116285522873,0.5337450374944861,0.008766591057801199,0.01642467927936803,,,
cfg_13aa530d9e5ed017,202608080,20,0.8,0.5,0.25,4,success,7.607413242399263,7.550620509470936,0.05679273292832665,0.0075215981066840895,,,
cfg_13aa530d9e5ed017,202608081,20,0.8,0.5,0.25,4,success,7.644874643651672,7.550620509470936,0.09425413418073614,0.012482965348677075,,,
cfg_13aa530d9e5ed017,202608082,20,0.8,0.5,0.25,4,success,7.442309552212703,7.550620509470936,0.10831095725823303,0.014344643214736568,,,
cfg_13aa530d9e5ed017,202608083,20,0.8,0.5,0.25,4,success,7.354668257726336,7.550620509470936,0.1959522517446004,0.025951807735379164,,,
cfg_13aa530d9e5ed017,202608084,20,0.8,0.5,0.25,4,success,7.328991859246696,7.550620509470936,0.22162865022423972,0.02935237573471548,,,
cfg_13b993f44a0f767b,202608080,10,0.0,4.0,0.5,4,success,0.6682782381306888,0.6666666666666666,0.0016115714640221324,0.0024173571960331985,,,
cfg_13b993f44a0f767b,202608081,10,0.0,4.0,0.5,4,success,0.6598127703142195,0.6666666666666666,0.006853896352447153,0.01028084452867073,,,
cfg_13b993f44a0f767b,202608082,10,0.0,4.0,0.5,4,success,0.6594079941161566,0.6666666666666666,0.007258672550510048,0.010888008825765072,,,
cfg_13b993f44a0f767b,202608083,10,0.0,4.0,0.5,4,success,0.6734786346978131,0.6666666666666666,0.006811968031146476,0.010217952046719714,,,
cfg_13b993f44a0f767b,202608084,10,0.0,4.0,0.5,4,success,0.652445530915473,0.6666666666666666,0.014221135751193659,0.021331703626790488,,,
cfg_144b444722496178,202608080,20,0.4,4.0,0.0,4,success,0.7603994422498496,0.7339449541284404,0.02645448812140916,0.03604424006541998,3.2000000000000006,2.46605504587156,2.46605504587156
cfg_144b444722496178,202608081,20,0.4,4.0,0.0,4,success,0.7211004211228367,0.7339449541284404,0.012844533005603731,0.017500676220135084,3.2000000000000006,2.46605504587156,2.46605504587156
cfg_144b444722496178,202608082,20,0.4,4.0,0.0,4,success,0.7724656565747312,0.7339449541284404,0.0385207024462908,0.052484457083071215,3.2000000000000006,2.46605504587156,2.46605504587156
cfg_144b444722496178,202608083,20,0.4,4.0,0.0,4,success,0.7235598316257904,0.7339449541284404,0.010385122502650002,0.014149729409860626,3.2000000000000006,2.46605504587156,2.46605504587156
cfg_144b444722496178,202608084,20,0.4,4.0,0.0,4,success,0.7424576663232724,0.7339449541284404,0.008512712194831962,0.011598570365458548,3.2000000000000006,2.46605504587156,2.46605504587156
cfg_1681241999932558,202608080,2,0.0,0.1,0.75,4,success,0.9406291533795406,0.9424083769633507,0.0017792235838101078,0.0018879539139318368,,,
cfg_1681241999932558,202608081,2,0.0,0.1,0.75,4,success,0.9237657158487925,0.9424083769633507,0.018642661114558146,0.019781934849336703,,,
cfg_1681241999932558,202608082,2,0.0,0.1,0.75,4,success,0.9509373263922756,0.9424083769633507,0.008528949428924903,0.009050163005136983,,,
cfg_1681241999932558,202608083,2,0.0,0.1,0.75,4,success,0.9431227278090162,0.9424083769633507,0.0007143508456655123,0.0007580056195672937,,,
cfg_1681241999932558,202608084,2,0.0,0.1,0.75,4,success,0.9379617667000486,0.9424083769633507,0.004446610263302064,0.0047183475571705245,,,
cfg_16f2e08737243301,202608080,5,0.8,4.0,1.0,4,success,1.0,1.0,0.0,0.0,,,
cfg_16f2e08737243301,202608081,5,0.8,4.0,1.0,4,success,1.0,1.0,0.0,0.0,,,
cfg_16f2e08737243301,202608082,5,0.8,4.0,1.0,4,success,1.0,1.0,0.0,0.0,,,
cfg_16f2e08737243301,202608083,5,0.8,4.0,1.0,4,success,1.0,1.0,0.0,0.0,,,
cfg_16f2e08737243301,202608084,5,0.8,4.0,1.0,4,success,1.0,1.0,0.0,0.0,,,
cfg_1729570c51484310,202608080,20,-0.8,4.0,0.5,4,success,0.03458802596591026,0.035650623885917984,0.0010625979200077212,0.029805871656216596,,,
cfg_1729570c51484310,202608081,20,-0.8,4.0,0.5,4,success,0.036487211534181475,0.035650623885917984,0.0008365876482634912,0.023466283533790943,,,
cfg_1729570c51484310,202608082,20,-0.8,4.0,0.5,4,success,0.03375250867262324,0.035650623885917984,0.0018981152132947418,0.05324213173291754,,,
cfg_1729570c51484310,202608083,20,-0.8,4.0,0.5,4,success,0.03493091762113571,0.035650623885917984,0.000719706264782273,0.02018776072714277,,,
cfg_1729570c51484310,202608084,20,-0.8,4.0,0.5,4,success,0.03617895341419929,0.035650623885917984,0.0005283295282813086,0.014819643268290713,,,
cfg_1815611de3601204,202608080,5,0.4,1.0,0.5,4,success,1.4234050156803342,1.4327485380116958,0.009343522331361598,0.006521397219031973,,,
cfg_1815611de3601204,202608081,5,0.4,1.0,0.5,4,success,1.4409664762461543,1.4327485380116958,0.008217938234458488,0.005735785461601639,,,
cfg_1815611de3601204,202608082,5,0.4,1.0,0.5,4,success,1.4302201254785487,1.4327485380116958,0.002528412533147062,0.0017647287476250924,,,
cfg_1815611de3601204,202608083,5,0.4,1.0,0.5,4,success,1.459544445363477,1.4327485380116958,0.026795907351781167,0.0187024496210391,,,
cfg_1815611de3601204,202608084,5,0.4,1.0,0.5,4,success,1.4107763112036766,1.4327485380116958,0.021972226808019135,0.015335717486413356,,,
cfg_18646a09a70c4c07,202608080,20,0.4,0.5,1.0,4,success,1.0,1.0,0.0,0.0,,,
cfg_18646a09a70c4c07,202608081,20,0.4,0.5,1.0,4,success,1.0,1.0,0.0,0.0,,,
cfg_18646a09a70c4c07,202608082,20,0.4,0.5,1.0,4,success,1.0,1.0,0.0,0.0,,,
cfg_18646a09a70c4c07,202608083,20,0.4,0.5,1.0,4,success,1.0,1.0,0.0,0.0,,,
cfg_18646a09a70c4c07,202608084,20,0.4,0.5,1.0,4,success,1.0,1.0,0.0,0.0,,,
cfg_1ae1e49ed3a01d59,202608080,2,-0.8,0.1,0.0,4,success,1.4116314772284866,1.2355212355212357,0.17611024170725087,0.14253922688180615,1.2800000000000002,0.04447876447876453,0.04447876447876453
cfg_1ae1e49ed3a01d59,202608081,2,-0.8,0.1,0.0,4,success,1.331076809967967,1.2355212355212357,0.09555557444673135,0.07734029306782317,1.2800000000000002,0.04447876447876453,0.04447876447876453
cfg_1ae1e49ed3a01d59,202608082,2,-0.8,0.1,0.0,4,success,1.2133908892125223,1.2355212355212357,0.022130346308713467,0.01791174904361496,1.2800000000000002,0.04447876447876453,0.04447876447876453
cfg_1ae1e49ed3a01d59,202608083,2,-0.8,0.1,0.0,4,success,1.3259019088122914,1.2355212355212357,0.0903806732910557,0.0731518574449482,1.2800000000000002,0.04447876447876453,0.04447876447876453
cfg_1ae1e49ed3a01d59,202608084,2,-0.8,0.1,0.0,4,success,1.2806067819149927,1.2355212355212357,0.04508554639375695,0.03649111411244702,1.2800000000000002,0.04447876447876453,0.04447876447876453
cfg_1b81d1232673a831,202608080,10,0.0,1.0,0.75,4,success,0.9748274162693377,0.9782608695652175,0.0034334532958798514,0.003509752258010514,,,
cfg_1b81d1232673a831,202608081,10,0.0,1.0,0.75,4,success,0.9783184459054864,0.9782608695652175,5.757634026892777e-05,5.885581449712616e-05,,,
cfg_1b81d1232673a831,202608082,10,0.0,1.0,0.75,4,success,0.9818994656167453,0.9782608695652175,0.0036385960515278315,0.0037194537415617826,,,
cfg_1b81d1232673a831,202608083,10,0.0,1.0,0.75,4,success,0.969695330952019,0.9782608695652175,0.008565538613198531,0.008755883915714052,,,
cfg_1b81d1232673a831,202608084,10,0.0,1.0,0.75,4,success,0.9794267847845409,0.9782608695652175,0.0011659152193234101,0.0011918244464194858,,,
cfg_1ca7d6c96517aa12,202608080,5,-0.8,0.1,0.25,4,success,0.5688599891094297,0.6841664339569957,0.11530644484756603,0.16853566489760557,,,
cfg_1ca7d6c96517aa12,202608081,5,-0.8,0.1,0.25,4,success,0.6353274893051467,0.6841664339569957,0.048838944651849014,0.07138459624419233,,,
cfg_1ca7d6c96517aa12,202608082,5,-0.8,0.1,0.25,4,success,0.6431810680945133,0.6841664339569957,0.04098536586248247,0.05990554904226515,,,
cfg_1ca7d6c96517aa12,202608083,5,-0.8,0.1,0.25,4,success,0.7931035854217228,0.6841664339569957,0.10893715146472704,0.15922609771232135,,,
cfg_1ca7d6c96517aa12,202608084,5,-0.8,0.1,0.25,4,success,0.48085629531455537,0.6841664339569957,0.20331013864244035,0.29716473733819526,,,
cfg_1d00b8a3e0f1e2ff,202608080,20,0.8,4.0,0.75,4,success,1.582203374261601,1.5829861872396405,0.0007828129780393933,0.0004945166195066029,,,
cfg_1d00b8a3e0f1e2ff,202608081,20,0.8,4.0,0.75,4,success,1.5730073674271363,1.5829861872396405,0.009978819812504147,0.006303794621167786,,,
cfg_1d00b8a3e0f1e2ff,202608082,20,0.8,4.0,0.75,4,success,1.5838641419182296,1.5829861872396405,0.0008779546785890879,0.0005546192921114723,,,
cfg_1d00b8a3e0f1e2ff,202608083,20,0.8,4.0,0.75,4,success,1.5795846920677816,1.5829861872396405,0.003401495171858837,0.0021487838613363096,,,
cfg_1d00b8a3e0f1e2ff,202608084,20,0.8,4.0,0.75,4,success,1.589096940457685,1.5829861872396405,0.00611075321804444,0.0038602694497923396,,,
cfg_1d8867f4a3f7c2e8,202608080,2,0.4,1.0,0.5,4,success,1.0172527615910851,1.0208333333333333,0.0035805717422481287,0.0035074988495491875,,,
cfg_1d8867f4a3f7c2e8,202608081,2,0.4,1.0,0.5,4,success,1.0096729401418658,1.0208333333333333,0.011160393191467444,0.010932630065110966,,,
cfg_1d8867f4a3f7c2e8,202608082,2,0.4,1.0,0.5,4,success,1.0168126219834184,1.0208333333333333,0.004020711349914885,0.003938656016243153,,,
cfg_1d8867f4a3f7c2e8,202608083,2,0.4,1.0,0.5,4,success,1.0283810482671119,1.0208333333333333,0.007547714933778593,0.007393679935130051,,,
cfg_1d8867f4a3f7c2e8,202608084,2,0.4,1.0,0.5,4,success,1.0280303230162697,1.0208333333333333,0.007196989682936472,0.007050112342468382,,,
cfg_1ed20fb695afa75b,202608080,5,0.8,0.5,0.5,4,success,2.4963396778762332,2.621359223300971,0.1250195454247378,0.047692641402770346,,,
cfg_1ed20fb695afa75b,202608081,5,0.8,0.5,0.5,4,success,2.527748372931285,2.621359223300971,0.0936108503696862,0.03571080588176918,,,
cfg_1ed20fb695afa75b,202608082,5,0.8,0.5,0.5,4,success,2.647961363286741,2.621359223300971,0.0266021399857701,0.010148223772349335,,,
cfg_1ed20fb695afa75b,202608083,5,0.8,0.5,0.5,4,success,2.651362191540438,2.621359223300971,0.03000296823946691,0.011445576772833673,,,
cfg_1ed20fb695afa75b,202608084,5,0.8,0.5,0.5,4,success,2.548862969410671,2.621359223300971,0.07249625389030001,0.02765597833592926,,,
cfg_1f59a3b31268ffce,202608080,2,0.4,0.1,0.75,4,success,1.2478155818659364,1.2114860616223013,0.036329520243635116,0.029987567661311963,,,
cfg_1f59a3b31268ffce,202608081,2,0.4,0.1,0.75,4,success,1.2120792525500015,1.2114860616223013,0.0005931909277001601,0.0004896390858230907,,,
cfg_1f59a3b31268ffce,202608082,2,0.4,0.1,0.75,4,success,1.223533167473587,1.2114860616223013,0.012047105851285655,0.009944073013232503,,,
cfg_1f59a3b31268ffce,202608083,2,0.4,0.1,0.75,4,success,1.2196615459648432,1.2114860616223013,0.008175484342541894,0.0067483106917417615,,,
cfg_1f59a3b31268ffce,202608084,2,0.4,0.1,0.75,4,success,1.212481409419908,1.2114860616223013,0.0009953477976065717,0.0008215924467787117,,,
cfg_1fafdd923e6b2bbe,202608080,5,-0.8,1.0,0.5,4,success,0.030652111931376933,0.03144654088050313,0.0007944289491261976,0.025262840582213095,,,
cfg_1fafdd923e6b2bbe,202608081,5,-0.8,1.0,0.5,4,success,0.027432261486594663,0.03144654088050313,0.004014279393908467,0.1276540847262893,,,
cfg_1fafdd923e6b2bbe,202608082,5,-0.8,1.0,0.5,4,success,0.03543184863809974,0.03144654088050313,0.003985307757596611,0.12673278669157229,,,
cfg_1fafdd923e6b2bbe,202608083,5,-0.8,1.0,0.5,4,success,0.03411171480670652,0.03144654088050313,0.0026651739262033916,0.0847525308532679,,,
cfg_1fafdd923e6b2bbe,202608084,5,-0.8,1.0,0.5,4,success,0.027278801969566144,0.03144654088050313,0.004167738910936986,0.13253409736779623,,,
cfg_2009e365284cdfa1,202608080,20,-0.4,0.5,0.75,4,success,0.7326043631758968,0.7452320582074743,0.012627695031577457,0.01694464817033123,,,
cfg_2009e365284cdfa1,202608081,20,-0.4,0.5,0.75,4,success,0.7449508733094088,0.7452320582074743,0.00028118489806550073,0.0003773118654367097,,,
cfg_2009e365284cdfa1,202608082,20,-0.4,0.5,0.75,4,success,0.7457401233463892,0.7452320582074743,0.0005080651389148816,0.0006817542714640371,,,
cfg_2009e365284cdfa1,202608083,20,-0.4,0.5,0.75,4,success,0.7451221920249432,0.7452320582074743,0.00010986618253105984,0.00014742546475432603,,,
cfg_2009e365284cdfa1,202608084,20,-0.4,0.5,0.75,4,success,0.7477257269540403,0.7452320582074743,0.00249366874656598,0.003346164082855031,,,
cfg_20b6e1e3b4d5d0e2,202608080,20,0.8,0.5,0.75,4,success,1.6100904227904902,1.5939949221768406,0.016095500613649616,0.010097585876665642,,,
cfg_20b6e1e3b4d5d0e2,202608081,20,0.8,0.5,0.75,4,success,1.6038281622480275,1.5939949221768406,0.00983324007118691,0.006168928102831179,,,
cfg_20b6e1e3b4d5d0e2,202608082,20,0.8,0.5,0.75,4,success,1.6144068916906642,1.5939949221768406,0.020411969513823625,0.012805542370202786,,,
cfg_20b6e1e3b4d5d0e2,202608083,20,0.8,0.5,0.75,4,success,1.5856142823679935,1.5939949221768406,0.008380639808847068,0.005257632688943601,,,
cfg_20b6e1e3b4d5d0e2,202608084,20,0.8,0.5,0.75,4,success,1.5976695954879319,1.5939949221768406,0.003674673311091281,0.0023053230973113514,,,
cfg_219a214621af338a,202608080,5,0.0,0.1,0.25,4,success,0.29620023515565425,0.33557046979865773,0.03937023464300349,0.11732329923615038,,,
cfg_219a214621af338a,202608081,5,0.0,0.1,0.25,4,success,0.34049847620964896,0.33557046979865773,0.004928006410991226,0.014685459104753853,,,
cfg_219a214621af338a,202608082,5,0.0,0.1,0.25,4,success,0.3420611116171288,0.33557046979865773,0.006490641818471088,0.019342112619043842,,,
cfg_219a214621af338a,202608083,5,0.0,0.1,0.25,4,success,0.2644523836711096,0.33557046979865773,0.07111808612754811,0.21193189666009335,,,
cfg_219a214621af338a,202608084,5,0.0,0.1,0.25,4,success,0.3627486912866,0.33557046979865773,0.027178221487942245,0.08099110003406788,,,
cfg_229ace5aecc83429,202608080,2,-0.4,1.0,0.0,4,success,0.18190508618804388,0.17391304347826092,0.00799204270978296,0.045954245581252,0.32000000000000006,0.14608695652173914,0.14608695652173914
cfg_229ace5aecc83429,202608081,2,-0.4,1.0,0.0,4,success,0.16510992800117785,0.17391304347826092,0.008803115477083068,0.050617913993227626,0.32000000000000006,0.14608695652173914,0.14608695652173914
cfg_229ace5aecc83429,202608082,2,-0.4,1.0,0.0,4,success,0.1646307719183637,0.17391304347826092,0.00928227155989722,0.053373061469409004,0.32000000000000006,0.14608695652173914,0.14608695652173914
cfg_229ace5aecc83429,202608083,2,-0.4,1.0,0.0,4,success,0.18690632580717415,0.17391304347826092,0.012993282328913225,0.07471137339125102,0.32000000000000006,0.14608695652173914,0.14608695652173914
cfg_229ace5aecc83429,202608084,2,-0.4,1.0,0.0,4,success,0.17247925941886133,0.17391304347826092,0.0014337840593995899,0.00824425834154764,0.32000000000000006,0.14608695652173914,0.14608695652173914
cfg_22d3d05c47e1c482,202608080,10,0.8,1.0,0.75,4,success,1.5815669683566635,1.5805604203152366,0.001006548041426969,0.0006368298411687526,,,
cfg_22d3d05c47e1c482,202608081,10,0.8,1.0,0.75,4,success,1.5862221097426463,1.5805604203152366,0.005661689427409744,0.0035820771889761367,,,
cfg_22d3d05c47e1c482,202608082,10,0.8,1.0,0.75,4,success,1.5868145036020231,1.5805604203152366,0.00625408328678656,0.003956877071196815,,,
cfg_22d3d05c47e1c482,202608083,10,0.8,1.0,0.75,4,success,1.5864289247996821,1.5805604203152366,0.005868504484445536,0.0037129263829566764,,,
cfg_22d3d05c47e1c482,202608084,10,0.8,1.0,0.75,4,success,1.5711534888187773,1.5805604203152366,0.009406931496459325,0.005951643085294487,,,
cfg_230a0bffb89806a9,202608080,2,0.8,4.0,0.75,4,success,1.4205005629498029,1.4129158512720157,0.0075847116777871815,0.0053681269630876036,,,
cfg_230a0bffb89806a9,202608081,2,0.8,4.0,0.75,4,success,1.4146970981081604,1.4129158512720157,0.0017812468361446676,0.0012606885502353534,,,
cfg_230a0bffb89806a9,202608082,2,0.8,4.0,0.75,4,success,1.4152405780966448,1.4129158512720157,0.002324726824629142,0.0016453398994258886,,,
cfg_230a0bffb89806a9,202608083,2,0.8,4.0,0.75,4,success,1.4230358942225998,1.4129158512720157,0.010120042950584107,0.007162523473335843,,,
cfg_230a0bffb89806a9,202608084,2,0.8,4.0,0.75,4,success,1.411387691095657,1.4129158512720157,0.001528160176358595,0.001081564889361831,,,
cfg_2332b6b0c0c4cef9,202608080,2,0.4,0.1,0.25,4,success,0.8457109092838385,0.8234093228989453,0.022301586384893213,0.027084447266612043,,,
cfg_2332b6b0c0c4cef9,202608081,2,0.4,0.1,0.25,4,success,0.7242952573826241,0.8234093228989453,0.09911406551632118,0.12037034650928427,,,
cfg_2332b6b0c0c4cef9,202608082,2,0.4,0.1,0.25,4,success,0.6916243098898267,0.8234093228989453,0.1317850130091186,0.16004799720404939,,,
cfg_2332b6b0c0c4cef9,202608083,2,0.4,0.1,0.25,4,success,0.8050480175907863,0.8234093228989453,0.01836130530815905,0.02229912243829729,,,
cfg_2332b6b0c0c4cef9,202608084,2,0.4,0.1,0.25,4,success,0.7851642801564125,0.8234093228989453,0.03824504274253282,0.046447182074505766,,,
cfg_24c5f0b85c33cbcc,202608080,5,0.4,0.1,0.0,4,success,0.768940078330837,0.7380073800738008,0.03093269825703615,0.04191380613828398,0.8000000000000002,0.06199261992619931,0.06199261992619931
cfg_24c5f0b85c33cbcc,202608081,5,0.4,0.1,0.0,4,success,0.6747923195707219,0.7380073800738008,0.0632150605030789,0.0856564069816719,0.8000000000000002,0.06199261992619931,0.06199261992619931
cfg_24c5f0b85c33cbcc,202608082,5,0.4,0.1,0.0,4,success,0.8538035125221398,0.7380073800738008,0.11579613244833897,0.1569037594674993,0.8000000000000002,0.06199261992619931,0.06199261992619931
cfg_24c5f0b85c33cbcc,202608083,5,0.4,0.1,0.0,4,success,0.7539132227130909,0.7380073800738008,0.01590584263929007,0.02155241677623804,0.8000000000000002,0.06199261992619931,0.06199261992619931
cfg_24c5f0b85c33cbcc,202608084,5,0.4,0.1,0.0,4,success,0.782994645608949,0.7380073800738008,0.0449872655351482,0.06095774480012581,0.8000000000000002,0.06199261992619931,0.06199261992619931
cfg_2545f7d0216b81e1,202608080,20,-0.4,1.0,0.25,4,success,0.019202872135752135,0.02188183807439829,0.0026789659386461558,0.1224287433961291,,,
cfg_2545f7d0216b81e1,202608081,20,-0.4,1.0,0.25,4,success,0.022635107460472998,0.02188183807439829,0.0007532693860747078,0.03442441094361408,,,
cfg_2545f7d0216b81e1,202608082,20,-0.4,1.0,0.25,4,success,0.023069845886484724,0.02188183807439829,0.0011880078120864342,0.05429195701234994,,,
cfg_2545f7d0216b81e1,202608083,20,-0.4,1.0,0.25,4,success,0.02445659737137941,0.02188183807439829,0.0025747592969811196,0.11766649987203695,,,
cfg_2545f7d0216b81e1,202608084,20,-0.4,1.0,0.25,4,success,0.02588482443367783,0.02188183807439829,0.00400298635927954,0.18293647661907464,,,
cfg_25cd34c7e96d114b,202608080,2,-0.4,1.0,0.75,4,success,0.6848556431948748,0.6814516129032259,0.0034040302916489296,0.0049952633865617425,,,
cfg_25cd34c7e96d114b,202608081,2,-0.4,1.0,0.75,4,success,0.6748019145935252,0.6814516129032259,0.006649698309700636,0.00975813716453111,,,
cfg_25cd34c7e96d114b,202608082,2,-0.4,1.0,0.75,4,success,0.6925189074950179,0.6814516129032259,0.01106729459179201,0.016240763661327918,,,
cfg_25cd34c7e96d114b,202608083,2,-0.4,1.0,0.75,4,success,0.6777196575856449,0.6814516129032259,0.0037319553175809705,0.005476478809231246,,,
cfg_25cd34c7e96d114b,202608084,2,-0.4,1.0,0.75,4,success,0.6841530193574458,0.6814516129032259,0.0027014064542199012,0.0039641940866658905,,,
cfg_25e58fd24fb7a6cf,202608080,10,0.8,4.0,0.75,4,success,1.5673933053287807,1.5620943314582432,0.005298973870537571,0.0033922239930228052,,,
cfg_25e58fd24fb7a6cf,202608081,10,0.8,4.0,0.75,4,success,1.5590325371135705,1.5620943314582432,0.003061794344672686,0.001960057266077168,,,
cfg_25e58fd24fb7a6cf,202608082,10,0.8,4.0,0.75,4,success,1.555133793570001,1.5620943314582432,0.006960537888242246,0.004455901124578347,,,
cfg_25e58fd24fb7a6cf,202608083,10,0.8,4.0,0.75,4,success,1.5645814511793938,1.5620943314582432,0.002487119721150677,0.0015921699932352393,,,
cfg_25e58fd24fb7a6cf,202608084,10,0.8,4.0,0.75,4,success,1.5747368768501862,1.5620943314582432,0.012642545391942983,0.008093330304925272,,,
cfg_260e6ee3ebae744e,202608080,5,-0.8,0.5,0.75,4,success,0.5182233724228869,0.5240363793850153,0.0058130069621284974,0.011092754607896443,,,
cfg_260e6ee3ebae744e,202608081,5,-0.8,0.5,0.75,4,success,0.5286325266166705,0.5240363793850153,0.004596147231655134,0.00877066442800967,,,
cfg_260e6ee3ebae744e,202608082,5,-0.8,0.5,0.75,4,success,0.5325443968002829,0.5240363793850153,0.008508017415267521,0.016235547282522893,,,
cfg_260e6ee3ebae744e,202608083,5,-0.8,0.5,0.75,4,success,0.523752649136299,0.5240363793850153,0.00028373024871630736,0.0005414323506495484,,,
cfg_260e6ee3ebae744e,202608084,5,-0.8,0.5,0.75,4,success,0.5209224948722627,0.5240363793850153,0.0031138845127526293,0.005942115156980015,,,
cfg_27b235aef82a6fc1,202608080,20,0.8,0.1,0.5,4,success,3.1438673979376923,3.080433542498574,0.0634338554391185,0.020592508997180507,,,
cfg_27b235aef82a6fc1,202608081,20,0.8,0.1,0.5,4,success,3.1036471672819292,3.080433542498574,0.023213624783355424,0.007535830415781863,,,
cfg_27b235aef82a6fc1,202608082,20,0.8,0.1,0.5,4,success,3.070300477002825,3.080433542498574,0.010133065495748994,0.0032894932988977756,,,
cfg_27b235aef82a6fc1,202608083,20,0.8,0.1,0.5,4,success,2.947823376954131,3.080433542498574,0.13261016554444272,0.043049188925816315,,,
cfg_27b235aef82a6fc1,202608084,20,0.8,0.1,0.5,4,success,2.912795220278991,3.080433542498574,0.16763832221958275,0.05442036645387566,,,
cfg_27f0bd9123bc49d4,202608080,5,0.4,0.1,0.5,4,success,1.621677926564649,1.610782380013149,0.010895546551499935,0.006764133185645471,,,
cfg_27f0bd9123bc49d4,202608081,5,0.4,0.1,0.5,4,success,1.567308359357538,1.610782380013149,0.04347402065561101,0.02698938180293239,,,
cfg_27f0bd9123bc49d4,202608082,5,0.4,0.1,0.5,4,success,1.5454480259988044,1.610782380013149,0.06533435401434473,0.04056063365543606,,,
cfg_27f0bd9123bc49d4,202608083,5,0.4,0.1,0.5,4,success,1.55688458189691,1.610782380013149,0.05389779811623918,0.033460633034612164,,,
cfg_27f0bd9123bc49d4,202608084,5,0.4,0.1,0.5,4,success,1.6543752214604877,1.610782380013149,0.04359284144733855,0.027063147690368137,,,
cfg_28bb0d292f2a5c0a,202608080,20,0.8,1.0,0.5,4,success,3.0132590673478226,3.033707865168539,0.020448797820716624,0.006740529652013999,,,
cfg_28bb0d292f2a5c0a,202608081,20,0.8,1.0,0.5,4,success,3.0176165610802057,3.033707865168539,0.01609130408833348,0.00530417060689511,,,
cfg_28bb0d292f2a5c0a,202608082,20,0.8,1.0,0.5,4,success,3.0243319605891656,3.033707865168539,0.00937590457937354,0.0030905759539416482,,,
cfg_28bb0d292f2a5c0a,202608083,20,0.8,1.0,0.5,4,success,3.0461029292046873,3.033707865168539,0.012395064036148096,0.0040857803674710395,,,
cfg_28bb0d292f2a5c0a,202608084,20,0.8,1.0,0.5,4,success,3.046103697589416,3.033707865168539,0.012395832420876829,0.004086033649844585,,,
cfg_28e67da5e737446f,202608080,2,0.4,1.0,1.0,4,success,1.0,1.0,0.0,0.0,,,
cfg_28e67da5e737446f,202608081,2,0.4,1.0,1.0,4,success,1.0,1.0,0.0,0.0,,,
cfg_28e67da5e737446f,202608082,2,0.4,1.0,1.0,4,success,1.0,1.0,0.0,0.0,,,
cfg_28e67da5e737446f,202608083,2,0.4,1.0,1.0,4,success,1.0,1.0,0.0,0.0,,,
cfg_28e67da5e737446f,202608084,2,0.4,1.0,1.0,4,success,1.0,1.0,0.0,0.0,,,
cfg_2ab2a1c636aed2c1,202608080,2,-0.4,1.0,0.5,4,success,0.19697114310500166,0.1875,0.009471143105001661,0.05051276322667553,,,
cfg_2ab2a1c636aed2c1,202608081,2,-0.4,1.0,0.5,4,success,0.19828190174319,0.1875,0.010781901743189992,0.05750347596367996,,,
cfg_2ab2a1c636aed2c1,202608082,2,-0.4,1.0,0.5,4,success,0.1843776293322369,0.1875,0.003122370667763108,0.01665264356140324,,,
cfg_2ab2a1c636aed2c1,202608083,2,-0.4,1.0,0.5,4,success,0.18770928535469977,0.1875,0.00020928535469977305,0.0011161885583987896,,,
cfg_2ab2a1c636aed2c1,202608084,2,-0.4,1.0,0.5,4,success,0.19024694885549143,0.1875,0.0027469488554914268,0.014650393895954275,,,
cfg_2bc4a76c493c43e8,202608080,10,0.0,4.0,0.75,4,success,0.9437833487452245,0.9473684210526315,0.003585072307407011,0.0037842429911518452,,,
cfg_2bc4a76c493c43e8,202608081,10,0.0,4.0,0.75,4,success,0.9499170183511008,0.9473684210526315,0.002548597298469235,0.0026901860372730815,,,
cfg_2bc4a76c493c43e8,202608082,10,0.0,4.0,0.75,4,success,0.9378355732468876,0.9473684210526315,0.009532847805743927,0.01006245046161859,,,
cfg_2bc4a76c493c43e8,202608083,10,0.0,4.0,0.75,4,success,0.9386268990654222,0.9473684210526315,0.008741521987209344,0.009227162097609863,,,
cfg_2bc4a76c493c43e8,202608084,10,0.0,4.0,0.75,4,success,0.9497685030631168,0.9473684210526315,0.0024000820104852494,0.0025334198999566525,,,
cfg_2ced9f8f2c704d7c,202608080,20,0.0,4.0,0.75,4,success,0.9744104527788994,0.972972972972973,0.001437479805926345,0.00147740980053541,,,
cfg_2ced9f8f2c704d7c,202608081,20,0.0,4.0,0.75,4,success,0.9751028050587026,0.972972972972973,0.0021298320857295883,0.0021889940881109657,,,
cfg_2ced9f8f2c704d7c,202608082,20,0.0,4.0,0.75,4,success,0.9698225916179216,0.972972972972973,0.0031503813550514126,0.003237891948247285,,,
cfg_2ced9f8f2c704d7c,202608083,20,0.0,4.0,0.75,4,success,0.9725796875117612,0.972972972972973,0.00039328546121186747,0.0004042100573566415,,,
cfg_2ced9f8f2c704d7c,202608084,20,0.0,4.0,0.75,4,success,0.9740456097023508,0.972972972972973,0.0010726367293777406,0.0011024321940826776,,,
cfg_2ddf7a74fac3f46d,202608080,5,-0.8,1.0,0.25,4,success,0.5698143248051157,0.5684454756380515,0.0013688491670642566,0.002408057106141609,,,
cfg_2ddf7a74fac3f46d,202608081,5,-0.8,1.0,0.25,4,success,0.5467287772173769,0.5684454756380515,0.021716698420674585,0.03820366130330914,,,
cfg_2ddf7a74fac3f46d,202608082,5,-0.8,1.0,0.25,4,success,0.5402969266756802,0.5684454756380515,0.02814854896237129,0.04951846776645721,,,
cfg_2ddf7a74fac3f46d,202608083,5,-0.8,1.0,0.25,4,success,0.572674368976291,0.5684454756380515,0.004228893338239503,0.007439400117474386,,,
cfg_2ddf7a74fac3f46d,202608084,5,-0.8,1.0,0.25,4,success,0.5655397314985686,0.5684454756380515,0.0029057441394828576,0.005111737649457594,,,
cfg_2ea7d0c6fdd3cc3f,202608080,10,0.8,4.0,0.0,4,success,2.622477610027345,2.622950819672132,0.0004732096447868095,0.00018041117707497106,6.400000000000001,3.7770491803278694,3.7770491803278694
cfg_2ea7d0c6fdd3cc3f,202608081,10,0.8,4.0,0.0,4,success,2.5821808433380435,2.622950819672132,0.0407699763340883,0.01554355347737116,6.400000000000001,3.7770491803278694,3.7770491803278694
cfg_2ea7d0c6fdd3cc3f,202608082,10,0.8,4.0,0.0,4,success,2.6364842587078336,2.622950819672132,0.01353343903570181,0.005159623632361314,6.400000000000001,3.7770491803278694,3.7770491803278694
cfg_2ea7d0c6fdd3cc3f,202608083,10,0.8,4.0,0.0,4,success,2.538812232438697,2.622950819672132,0.08413858723343504,0.032077836382747096,6.400000000000001,3.7770491803278694,3.7770491803278694
cfg_2ea7d0c6fdd3cc3f,202608084,10,0.8,4.0,0.0,4,success,2.6545263099516476,2.622950819672132,0.03157549027951578,0.01203815566906539,6.400000000000001,3.7770491803278694,3.7770491803278694
cfg_2f07c09dbda62873,202608080,20,0.4,0.1,0.5,4,success,1.8755877582341052,1.8592297476759625,0.016358010558142677,0.008798272821629599,,,
cfg_2f07c09dbda62873,202608081,20,0.4,0.1,0.5,4,success,1.921838072886057,1.8592297476759625,0.0626083252100944,0.033674334916572214,,,
cfg_2f07c09dbda62873,202608082,20,0.4,0.1,0.5,4,success,1.8831127740579512,1.8592297476759625,0.023883026381988692,0.012845656332598206,,,
cfg_2f07c09dbda62873,202608083,20,0.4,0.1,0.5,4,success,1.7940747049196941,1.8592297476759625,0.06515504275626838,0.0350441051396215,,,
cfg_2f07c09dbda62873,202608084,20,0.4,0.1,0.5,4,success,1.9335771676999711,1.8592297476759625,0.07434742002400863,0.03998829091291322,,,
cfg_2f8515d3b120bbc1,202608080,2,-0.4,4.0,0.5,4,success,0.11762857936837467,0.11320754716981132,0.004421032198563352,0.039052451087309606,,,
cfg_2f8515d3b120bbc1,202608081,2,-0.4,4.0,0.5,4,success,0.1179121214962067,0.11320754716981132,0.004704574326395372,0.041557073216492456,,,
cfg_2f8515d3b120bbc1,202608082,2,-0.4,4.0,0.5,4,success,0.1175473668719281,0.11320754716981132,0.004339819702116776,0.038335074035364854,,,
cfg_2f8515d3b120bbc1,202608083,2,-0.4,4.0,0.5,4,success,0.11196226356275,0.11320754716981132,0.0012452836070613177,0.011000005195708306,,,
cfg_2f8515d3b120bbc1,202608084,2,-0.4,4.0,0.5,4,success,0.10975164001869228,0.11320754716981132,0.003455907151119042,0.03052717983488487,,,
cfg_2fe76ec5b49b8f2d,202608080,5,0.4,0.5,0.25,4,success,1.3713564369945377,1.3610798650168732,0.010276571977664517,0.007550307841441119,,,
cfg_2fe76ec5b49b8f2d,202608081,5,0.4,0.5,0.25,4,success,1.3915143777294292,1.3610798650168732,0.03043451271255604,0.022360563472282904,,,
cfg_2fe76ec5b49b8f2d,202608082,5,0.4,0.5,0.25,4,success,1.3471623884525321,1.3610798650168732,0.013917476564341058,0.01022531955842909,,,
cfg_2fe76ec5b49b8f2d,202608083,5,0.4,0.5,0.25,4,success,1.3465945800544554,1.3610798650168732,0.014485284962417744,0.010642494488916836,,,
cfg_2fe76ec5b49b8f2d,202608084,5,0.4,0.5,0.25,4,success,1.3661265653697365,1.3610798650168732,0.005046700352863365,0.003707864969996306,,,
cfg_2ffec1b78d61f6f8,202608080,5,0.4,0.5,0.5,4,success,1.512828226301517,1.526479750778816,0.013651524477299004,0.008943141545332614,,,
cfg_2ffec1b78d61f6f8,202608081,5,0.4,0.5,0.5,4,success,1.5018901960362194,1.526479750778816,0.024589554742596498,0.01610866749463975,,,
cfg_2ffec1b78d61f6f8,202608082,5,0.4,0.5,0.5,4,success,1.4916204489206937,1.526479750778816,0.03485930185812225,0.022836399788688254,,,
cfg_2ffec1b78d61f6f8,202608083,5,0.4,0.5,0.5,4,success,1.4890590801550485,1.526479750778816,0.037420670623767416,0.0245143576943456,,,
cfg_2ffec1b78d61f6f8,202608084,5,0.4,0.5,0.5,4,success,1.526224671979546,1.526479750778816,0.0002550787992698922,0.0001671026419706845,,,
cfg_30f8c4ae6ed13a6e,202608080,2,-0.8,4.0,0.5,4,success,0.016751507314891934,0.01801801801801801,0.0012665107031260767,0.07029134402349728,,,
cfg_30f8c4ae6ed13a6e,202608081,2,-0.8,4.0,0.5,4,success,0.01853271069466995,0.01801801801801801,0.00051469267665194,0.02856544355418268,,,
cfg_30f8c4ae6ed13a6e,202608082,2,-0.8,4.0,0.5,4,success,0.017448018279115733,0.01801801801801801,0.0005699997389022778,0.03163498550907643,,,
cfg_30f8c4ae6ed13a6e,202608083,2,-0.8,4.0,0.5,4,success,0.018308749673514757,0.01801801801801801,0.0002907316554967461,0.016135606880069413,,,
cfg_30f8c4ae6ed13a6e,202608084,2,-0.8,4.0,0.5,4,success,0.02110168239398759,0.01801801801801801,0.0030836643759695782,0.17114337286631165,,,
cfg_31b53681cf96ce68,202608080,5,-0.4,0.1,0.5,4,success,0.3449683368576469,0.2958579881656805,0.0491103486919664,0.16599297857884643,,,
cfg_31b53681cf96ce68,202608081,5,-0.4,0.1,0.5,4,success,0.28765724238599505,0.2958579881656805,0.008200745779685437,0.027718520735336774,,,
cfg_31b53681cf96ce68,202608082,5,-0.4,0.1,0.5,4,success,0.3005429790828284,0.2958579881656805,0.004684990917147913,0.015835269299959945,,,
cfg_31b53681cf96ce68,202608083,5,-0.4,0.1,0.5,4,success,0.31185984235141834,0.2958579881656805,0.01600185418573785,0.05408626714779394,,,
cfg_31b53681cf96ce68,202608084,5,-0.4,0.1,0.5,4,success,0.3290850037730054,0.2958579881656805,0.03322701560732494,0.11230731275275829,,,
cfg_32d5e44db7742ebd,202608080,2,0.8,1.0,1.0,4,success,1.0,1.0,0.0,0.0,,,
cfg_32d5e44db7742ebd,202608081,2,0.8,1.0,1.0,4,success,1.0,1.0,0.0,0.0,,,
cfg_32d5e44db7742ebd,202608082,2,0.8,1.0,1.0,4,success,1.0,1.0,0.0,0.0,,,
cfg_32d5e44db7742ebd,202608083,2,0.8,1.0,1.0,4,success,1.0,1.0,0.0,0.0,,,
cfg_32d5e44db7742ebd,202608084,2,0.8,1.0,1.0,4,success,1.0,1.0,0.0,0.0,,,
cfg_33372245d5e6b1e9,202608080,20,0.8,4.0,1.0,4,success,1.0,1.0,0.0,0.0,,,
cfg_33372245d5e6b1e9,202608081,20,0.8,4.0,1.0,4,success,1.0,1.0,0.0,0.0,,,
cfg_33372245d5e6b1e9,202608082,20,0.8,4.0,1.0,4,success,1.0,1.0,0.0,0.0,,,
cfg_33372245d5e6b1e9,202608083,20,0.8,4.0,1.0,4,success,1.0,1.0,0.0,0.0,,,
cfg_33372245d5e6b1e9,202608084,20,0.8,4.0,1.0,4,success,1.0,1.0,0.0,0.0,,,
cfg_33d84abad8127501,202608080,5,0.0,0.1,1.0,4,success,1.0,1.0,0.0,0.0,,,
cfg_33d84abad8127501,202608081,5,0.0,0.1,1.0,4,success,1.0,1.0,0.0,0.0,,,
cfg_33d84abad8127501,202608082,5,0.0,0.1,1.0,4,success,1.0,1.0,0.0,0.0,,,
cfg_33d84abad8127501,202608083,5,0.0,0.1,1.0,4,success,1.0,1.0,0.0,0.0,,,
cfg_33d84abad8127501,202608084,5,0.0,0.1,1.0,4,success,1.0,1.0,0.0,0.0,,,
cfg_348e681efbe9b7df,202608080,10,-0.4,0.1,0.5,4,success,0.31159074287678673,0.3247924936845904,0.01320175080780367,0.04064672387602663,,,
cfg_348e681efbe9b7df,202608081,10,-0.4,0.1,0.5,4,success,0.3245803111444098,0.3247924936845904,0.00021218254018057214,0.0006532864653781838,,,
cfg_348e681efbe9b7df,202608082,10,-0.4,0.1,0.5,4,success,0.32113746348969185,0.3247924936845904,0.0036550301948985453,0.01125343185562652,,,
cfg_348e681efbe9b7df,202608083,10,-0.4,0.1,0.5,4,success,0.35565129107786925,0.3247924936845904,0.030858797393278847,0.09501080841863965,,,
cfg_348e681efbe9b7df,202608084,10,-0.4,0.1,0.5,4,success,0.3295758801035386,0.3247924936845904,0.00478338641894821,0.014727515296561655,,,
cfg_35b2e2fe68ba1189,202608080,5,0.0,0.5,0.75,4,success,0.9808877656265551,0.9677419354838711,0.013145830142684,0.013584024480773466,,,
cfg_35b2e2fe68ba1189,202608081,5,0.0,0.5,0.75,4,success,0.9637834626941825,0.9677419354838711,0.0039584727896886385,0.004090421882678259,,,
cfg_35b2e2fe68ba1189,202608082,5,0.0,0.5,0.75,4,success,0.9842331638348883,0.9677419354838711,0.01649122835101724,0.017040935962717812,,,
cfg_35b2e2fe68ba1189,202608083,5,0.0,0.5,0.75,4,success,0.9687109281905508,0.9677419354838711,0.0009689927066797166,0.0010012924635690403,,,
cfg_35b2e2fe68ba1189,202608084,5,0.0,0.5,0.75,4,success,0.9631264563843289,0.9677419354838711,0.004615479099542186,0.004769328402860258,,,
cfg_36535bd893a7a2ab,202608080,20,0.0,0.1,0.5,4,success,0.9494088815470606,0.9478672985781991,0.0015415829688615323,0.0016263700321489166,,,
cfg_36535bd893a7a2ab,202608081,20,0.0,0.1,0.5,4,success,0.9549354890688664,0.9478672985781991,0.007068190490667314,0.007456940967654016,,,
cfg_36535bd893a7a2ab,202608082,20,0.0,0.1,0.5,4,success,0.9441800572818408,0.9478672985781991,0.0036872412963582235,0.0038900395676579255,,,
cfg_36535bd893a7a2ab,202608083,20,0.0,0.1,0.5,4,success,0.940583456957213,0.9478672985781991,0.0072838416209860535,0.0076844529101402865,,,
cfg_36535bd893a7a2ab,202608084,20,0.0,0.1,0.5,4,success,0.9498995524505567,0.9478672985781991,0.0020322538723576145,0.002144027835337283,,,
cfg_3674a7eae35955a2,202608080,20,0.0,4.0,0.25,4,success,0.3060751256838497,0.3076923076923077,0.0016171820084580069,0.005255841527488522,,,
cfg_3674a7eae35955a2,202608081,20,0.0,4.0,0.25,4,success,0.30198052643004,0.3076923076923077,0.005711781262267734,0.018563289102370137,,,
cfg_3674a7eae35955a2,202608082,20,0.0,4.0,0.25,4,success,0.3054225098590643,0.3076923076923077,0.0022697978332434365,0.007376842958041169,,,
cfg_3674a7eae35955a2,202608083,20,0.0,4.0,0.25,4,success,0.31298025573443444,0.3076923076923077,0.005287948042126733,0.017185831136911883,,,
cfg_3674a7eae35955a2,202608084,20,0.0,4.0,0.25,4,success,0.2978331694415862,0.3076923076923077,0.009859138250721489,0.03204219931484484,,,
cfg_375d0a31bda0c994,202608080,10,0.8,0.1,0.25,4,success,6.162492225235112,5.9821983026288565,0.1802939226062552,0.03013840623220826,,,
cfg_375d0a31bda0c994,202608081,10,0.8,0.1,0.25,4,success,5.8540313825683485,5.9821983026288565,0.128166920060508,0.02142471940527038,,,
cfg_375d0a31bda0c994,202608082,10,0.8,0.1,0.25,4,success,5.6507554279790435,5.9821983026288565,0.33144287464981304,0.05540486254094278,,,
cfg_375d0a31bda0c994,202608083,10,0.8,0.1,0.25,4,success,5.826624295566972,5.9821983026288565,0.15557400706188496,0.02600616014242097,,,
cfg_375d0a31bda0c994,202608084,10,0.8,0.1,0.25,4,success,5.770987678683641,5.9821983026288565,0.21121062394521584,0.035306523331464966,,,
cfg_3786cbc3631aa6f6,202608080,5,0.8,1.0,0.25,4,success,3.4162971006981464,3.3526682134570778,0.06362888724106863,0.018978581592318734,,,
cfg_3786cbc3631aa6f6,202608081,5,0.8,1.0,0.25,4,success,3.4681364675168402,3.3526682134570778,0.11546825405976247,0.034440704152081385,,,
cfg_3786cbc3631aa6f6,202608082,5,0.8,1.0,0.25,4,success,3.3736130116489322,3.3526682134570778,0.020944798191854463,0.006247202782483924,,,
cfg_3786cbc3631aa6f6,202608083,5,0.8,1.0,0.25,4,success,3.2809973884428705,3.3526682134570778,0.0716708250142073,0.021377249537109573,,,
cfg_3786cbc3631aa6f6,202608084,5,0.8,1.0,0.25,4,success,3.361483038951305,3.3526682134570778,0.008814825494227296,0.0026291970851293864,,,
cfg_3792852694f7f898,202608080,2,0.4,0.1,0.0,4,success,0.3274127346717773,0.29520295202952035,0.032209782642256934,0.10911063870064534,0.32000000000000006,0.024797047970479713,0.024797047970479713
cfg_3792852694f7f898,202608081,2,0.4,0.1,0.0,4,success,0.3347177871289642,0.29520295202952035,0.03951483509944387,0.13385650389936607,0.32000000000000006,0.024797047970479713,0.024797047970479713
cfg_3792852694f7f898,202608082,2,0.4,0.1,0.0,4,success,0.28250109244270527,0.29520295202952035,0.012701859586815079,0.04302754935033607,0.32000000000000006,0.024797047970479713,0.024797047970479713
cfg_3792852694f7f898,202608083,2,0.4,0.1,0.0,4,success,0.2796112558771422,0.29520295202952035,0.015591696152378154,0.052816870716180984,0.32000000000000006,0.024797047970479713,0.024797047970479713
cfg_3792852694f7f898,202608084,2,0.4,0.1,0.0,4,success,0.3454461616601948,0.29520295202952035,0.05024320963067447,0.17019887262390973,0.32000000000000006,0.024797047970479713,0.024797047970479713
cfg_382c353860cb040e,202608080,2,-0.4,0.1,0.25,4,success,0.021795750266569058,0.006805035726437576,0.014990714540131482,2.2028855016723172,,,
cfg_382c353860cb040e,202608081,2,-0.4,0.1,0.25,4,success,0.01207157146199517,0.006805035726437576,0.005266535735557593,0.7739174263401869,,,
cfg_382c353860cb040e,202608082,2,-0.4,0.1,0.25,4,success,0.004267446080545642,0.006805035726437576,0.0025375896458919344,0.37289879846381907,,,
cfg_382c353860cb040e,202608083,2,-0.4,0.1,0.25,4,success,0.0032221136890165035,0.006805035726437576,0.0035829220374210724,0.5265103933990256,,,
cfg_382c353860cb040e,202608084,2,-0.4,0.1,0.25,4,success,0.014035000908273693,0.006805035726437576,0.007229965181836117,1.0624433834708156,,,
cfg_386d9917e5ad4928,202608080,5,-0.8,4.0,0.5,4,success,0.025556463066075414,0.026881720430107513,0.0013252573640320994,0.04929957394199412,,,
cfg_386d9917e5ad4928,202608081,5,-0.8,4.0,0.5,4,success,0.031233476404577618,0.026881720430107513,0.004351755974470104,0.16188532225028796,,,
cfg_386d9917e5ad4928,202608082,5,-0.8,4.0,0.5,4,success,0.02611953514208759,0.026881720430107513,0.0007621852880199224,0.02835329271434113,,,
cfg_386d9917e5ad4928,202608083,5,-0.8,4.0,0.5,4,success,0.025940254371088527,0.026881720430107513,0.0009414660590189861,0.0350225373955063,,,
cfg_386d9917e5ad4928,202608084,5,-0.8,4.0,0.5,4,success,0.028375069543015673,0.026881720430107513,0.00149334911290816,0.055552587000183576,,,
cfg_386f26362c70c22a,202608080,2,-0.4,1.0,0.25,4,success,0.004489573987245012,0.004310344827586215,0.00017922915965879697,0.04158116504084082,,,
cfg_386f26362c70c22a,202608081,2,-0.4,1.0,0.25,4,success,0.005395434030880918,0.004310344827586215,0.0010850892032947031,0.2517406951643707,,,
cfg_386f26362c70c22a,202608082,2,-0.4,1.0,0.25,4,success,0.00383522096281475,0.004310344827586215,0.00047512386477146454,0.11022873662697957,,,
cfg_386f26362c70c22a,202608083,2,-0.4,1.0,0.25,4,success,0.007499228236199433,0.004310344827586215,0.0031888834086132188,0.7398209507982654,,,
cfg_386f26362c70c22a,202608084,2,-0.4,1.0,0.25,4,success,0.0069365285214122935,0.004310344827586215,0.002626183693826079,0.6092746169676492,,,
cfg_392dd2e5ee833ea4,202608080,20,0.0,0.1,0.75,4,success,0.9945989953348753,0.9939260077305354,0.0006729876043398697,0.0006771003063663913,,,
cfg_392dd2e5ee833ea4,202608081,20,0.0,0.1,0.75,4,success,0.9984270442863382,0.9939260077305354,0.0045010365558028065,0.004528542890310491,,,
cfg_392dd2e5ee833ea4,202608082,20,0.0,0.1,0.75,4,success,0.9995422598968945,0.9939260077305354,0.005616252166359081,0.005650573707375721,,,
cfg_392dd2e5ee833ea4,202608083,20,0.0,0.1,0.75,4,success,0.99972491515489,0.9939260077305354,0.005798907424354627,0.005834345191947907,,,
cfg_392dd2e5ee833ea4,202608084,20,0.0,0.1,0.75,4,success,1.0004543679119535,0.9939260077305354,0.006528360181418114,0.0065682557158601145,,,
cfg_3983dbab041eefe7,202608080,2,-0.8,1.0,0.0,4,success,0.9424054560756215,0.9411764705882356,0.0012289854873859252,0.001305797080347545,1.2800000000000002,0.33882352941176463,0.33882352941176463
cfg_3983dbab041eefe7,202608081,2,-0.8,1.0,0.0,4,success,0.9431935547319757,0.9411764705882356,0.0020170841437401332,0.0021431519027238907,1.2800000000000002,0.33882352941176463,0.33882352941176463
cfg_3983dbab041eefe7,202608082,2,-0.8,1.0,0.0,4,success,0.9624208695247335,0.9411764705882356,0.021244398936497877,0.022572173870028987,1.2800000000000002,0.33882352941176463,0.33882352941176463
cfg_3983dbab041eefe7,202608083,2,-0.8,1.0,0.0,4,success,0.9793397222920982,0.9411764705882356,0.03816325170386259,0.040548454935353986,1.2800000000000002,0.33882352941176463,0.33882352941176463
cfg_3983dbab041eefe7,202608084,2,-0.8,1.0,0.0,4,success,0.952789325294654,0.9411764705882356,0.011612854706418374,0.012338658125569519,1.2800000000000002,0.33882352941176463,0.33882352941176463
cfg_399f99f2c96a8c15,202608080,20,0.8,4.0,0.0,4,success,4.9872868054729365,5.245901639344264,0.2586148338713272,0.049298452706721736,12.800000000000002,7.554098360655739,7.554098360655739
cfg_399f99f2c96a8c15,202608081,20,0.8,4.0,0.0,4,success,5.176044152308336,5.245901639344264,0.06985748703592787,0.013316583466223747,12.800000000000002,7.554098360655739,7.554098360655739
cfg_399f99f2c96a8c15,202608082,20,0.8,4.0,0.0,4,success,5.143874168551291,5.245901639344264,0.10202747079297225,0.01944898661991033,12.800000000000002,7.554098360655739,7.554098360655739
cfg_399f99f2c96a8c15,202608083,20,0.8,4.0,0.0,4,success,5.368550102492537,5.245901639344264,0.12264846314827338,0.023379863287639607,12.800000000000002,7.554098360655739,7.554098360655739
cfg_399f99f2c96a8c15,202608084,20,0.8,4.0,0.0,4,success,5.358059565289897,5.245901639344264,0.1121579259456329,0.021380104633386264,12.800000000000002,7.554098360655739,7.554098360655739
cfg_3af45d9982509918,202608080,20,-0.8,4.0,0.0,4,success,5.167666711954575,5.245901639344264,0.07823492738968874,0.014913533033659412,12.800000000000002,7.554098360655739,7.554098360655739
cfg_3af45d9982509918,202608081,20,-0.8,4.0,0.0,4,success,5.33058430490556,5.245901639344264,0.08468266556129667,0.016142633122622173,12.800000000000002,7.554098360655739,7.554098360655739
cfg_3af45d9982509918,202608082,20,-0.8,4.0,0.0,4,success,5.296326196449488,5.245901639344264,0.05042455710522464,0.009612181198183445,12.800000000000002,7.554098360655739,7.554098360655739
cfg_3af45d9982509918,202608083,20,-0.8,4.0,0.0,4,success,5.154581437249669,5.245901639344264,0.0913202020945949,0.01740791352428215,12.800000000000002,7.554098360655739,7.554098360655739
cfg_3af45d9982509918,202608084,20,-0.8,4.0,0.0,4,success,5.133955459596535,5.245901639344264,0.11194617974772836,0.02133974051441071,12.800000000000002,7.554098360655739,7.554098360655739
cfg_3b2ceda6f23fdac0,202608080,5,-0.4,4.0,0.5,4,success,0.19355628517857668,0.19230769230769232,0.0012485928708843574,0.0064926829285986585,,,
cfg_3b2ceda6f23fdac0,202608081,5,-0.4,4.0,0.5,4,success,0.19128204446099206,0.19230769230769232,0.001025647846700256,0.005333368802841331,,,
cfg_3b2ceda6f23fdac0,202608082,5,-0.4,4.0,0.5,4,success,0.19278957285797846,0.19230769230769232,0.0004818805502861401,0.002505778861487928,,,
cfg_3b2ceda6f23fdac0,202608083,5,-0.4,4.0,0.5,4,success,0.19184915744742947,0.19230769230769232,0.0004585348602628436,0.0023843812733667868,,,
cfg_3b2ceda6f23fdac0,202608084,5,-0.4,4.0,0.5,4,success,0.19269258739767592,0.19230769230769232,0.0003848950899836001,0.0020014544679147206,,,
cfg_3cc5382a00b9ba07,202608080,10,-0.8,0.5,0.0,4,success,5.146875858111177,5.423728813559324,0.27685295544814625,0.05104476366075195,6.400000000000001,0.9762711864406777,0.9762711864406777
cfg_3cc5382a00b9ba07,202608081,10,-0.8,0.5,0.0,4,success,5.431932232325367,5.423728813559324,0.008203418766043136,0.0015125053349892028,6.400000000000001,0.9762711864406777,0.9762711864406777
cfg_3cc5382a00b9ba07,202608082,10,-0.8,0.5,0.0,4,success,5.442984223251164,5.423728813559324,0.019255409691840697,0.0035502161619331276,6.400000000000001,0.9762711864406777,0.9762711864406777
cfg_3cc5382a00b9ba07,202608083,10,-0.8,0.5,0.0,4,success,5.545647455424528,5.423728813559324,0.12191864186520451,0.022478749593897077,6.400000000000001,0.9762711864406777,0.9762711864406777
cfg_3cc5382a00b9ba07,202608084,10,-0.8,0.5,0.0,4,success,5.354416969972,5.423728813559324,0.06931184358732345,0.012779371161412758,6.400000000000001,0.9762711864406777,0.9762711864406777
cfg_3d0ea8a705e3b391,202608080,5,-0.4,1.0,1.0,4,success,1.0,1.0,0.0,0.0,,,
cfg_3d0ea8a705e3b391,202608081,5,-0.4,1.0,1.0,4,success,1.0,1.0,0.0,0.0,,,
cfg_3d0ea8a705e3b391,202608082,5,-0.4,1.0,1.0,4,success,1.0,1.0,0.0,0.0,,,
cfg_3d0ea8a705e3b391,202608083,5,-0.4,1.0,1.0,4,success,1.0,1.0,0.0,0.0,,,
cfg_3d0ea8a705e3b391,202608084,5,-0.4,1.0,1.0,4,success,1.0,1.0,0.0,0.0,,,
cfg_3f74a7b7ca8c5e43,202608080,20,0.0,0.5,0.0,4,success,0.0009869507156347254,0.0,0.0009869507156347254,,0.0,0.0,0.0
cfg_3f74a7b7ca8c5e43,202608081,20,0.0,0.5,0.0,4,success,0.0013979787934581686,0.0,0.0013979787934581686,,0.0,0.0,0.0
cfg_3f74a7b7ca8c5e43,202608082,20,0.0,0.5,0.0,4,success,0.0010935293666834058,0.0,0.0010935293666834058,,0.0,0.0,0.0
cfg_3f74a7b7ca8c5e43,202608083,20,0.0,0.5,0.0,4,success,0.0005175384448268633,0.0,0.0005175384448268633,,0.0,0.0,0.0
cfg_3f74a7b7ca8c5e43,202608084,20,0.0,0.5,0.0,4,success,0.0011532572943538648,0.0,0.0011532572943538648,,0.0,0.0,0.0
cfg_41d8989d2aaa69de,202608080,20,0.0,4.0,1.0,4,success,1.0,1.0,0.0,0.0,,,
cfg_41d8989d2aaa69de,202608081,20,0.0,4.0,1.0,4,success,1.0,1.0,0.0,0.0,,,
cfg_41d8989d2aaa69de,202608082,20,0.0,4.0,1.0,4,success,1.0,1.0,0.0,0.0,,,
cfg_41d8989d2aaa69de,202608083,20,0.0,4.0,1.0,4,success,1.0,1.0,0.0,0.0,,,
cfg_41d8989d2aaa69de,202608084,20,0.0,4.0,1.0,4,success,1.0,1.0,0.0,0.0,,,
cfg_422f686a776abe3a,202608080,2,-0.8,1.0,0.25,4,success,0.2843510327397017,0.27528089887640467,0.009070133863297025,0.032948649544221824,,,
cfg_422f686a776abe3a,202608081,2,-0.8,1.0,0.25,4,success,0.2730515927699268,0.27528089887640467,0.0022293061064778685,0.008098295652103273,,,
cfg_422f686a776abe3a,202608082,2,-0.8,1.0,0.25,4,success,0.2724375782612059,0.27528089887640467,0.0028433206151987633,0.01032879733684448,,,
cfg_422f686a776abe3a,202608083,2,-0.8,1.0,0.25,4,success,0.29306764798628754,0.27528089887640467,0.01778674910988287,0.06461308860324794,,,
cfg_422f686a776abe3a,202608084,2,-0.8,1.0,0.25,4,success,0.2805783080462863,0.27528089887640467,0.0052974091698816395,0.019243649637529208,,,
cfg_43f3c3d44c1c8a2b,202608080,2,0.0,1.0,0.25,4,success,0.10136157925876019,0.1,0.0013615792587601816,0.013615792587601816,,,
cfg_43f3c3d44c1c8a2b,202608081,2,0.0,1.0,0.25,4,success,0.10811575392267024,0.1,0.008115753922670235,0.08115753922670235,,,
cfg_43f3c3d44c1c8a2b,202608082,2,0.0,1.0,0.25,4,success,0.11063959289999173,0.1,0.010639592899991723,0.10639592899991723,,,
cfg_43f3c3d44c1c8a2b,202608083,2,0.0,1.0,0.25,4,success,0.09774142406959489,0.1,0.002258575930405113,0.02258575930405113,,,
cfg_43f3c3d44c1c8a2b,202608084,2,0.0,1.0,0.25,4,success,0.10749259961356664,0.1,0.007492599613566631,0.0749259961356663,,,
cfg_44079d13b02f0573,202608080,20,-0.8,0.1,0.25,4,success,1.2331720814094684,1.3367889783112816,0.1036168969018132,0.07751178277420327,,,
cfg_44079d13b02f0573,202608081,20,-0.8,0.1,0.25,4,success,1.3929101061412992,1.3367889783112816,0.05612112783001755,0.041982039604271264,,,
cfg_44079d13b02f0573,202608082,20,-0.8,0.1,0.25,4,success,1.5178642556959505,1.3367889783112816,0.1810752773846689,0.1354553937252048,,,
cfg_44079d13b02f0573,202608083,20,-0.8,0.1,0.25,4,success,1.3449282415058454,1.3367889783112816,0.008139263194563817,0.0060886671917701335,,,
cfg_44079d13b02f0573,202608084,20,-0.8,0.1,0.25,4,success,1.6880634221664488,1.3367889783112816,0.35127444385516715,0.26277479060226827,,,
cfg_444cd00272cfcec3,202608080,2,0.4,4.0,0.5,4,success,0.5927866419795516,0.6163522012578616,0.023565559278310055,0.038233917604605094,,,
cfg_444cd00272cfcec3,202608081,2,0.4,4.0,0.5,4,success,0.6136492309399214,0.6163522012578616,0.002702970317940201,0.004385431434209101,,,
cfg_444cd00272cfcec3,202608082,2,0.4,4.0,0.5,4,success,0.6273831697820991,0.6163522012578616,0.011030968524237461,0.01789718362605874,,,
cfg_444cd00272cfcec3,202608083,2,0.4,4.0,0.5,4,success,0.6044278992292487,0.6163522012578616,0.011924302028612943,0.01934657165866794,,,
cfg_444cd00272cfcec3,202608084,2,0.4,4.0,0.5,4,success,0.6034091349592371,0.6163522012578616,0.012943066298624517,0.02099946470899284,,,
cfg_44766812e6628917,202608080,5,-0.4,0.5,0.25,4,success,0.014035996048970002,0.0112485939257593,0.0027874021232107016,0.24780004875343092,,,
cfg_44766812e6628917,202608081,5,-0.4,0.5,0.25,4,success,0.018253299627469455,0.0112485939257593,0.007004705701710155,0.6227183368820317,,,
cfg_44766812e6628917,202608082,5,-0.4,0.5,0.25,4,success,0.013817660606941753,0.0112485939257593,0.0025690666811824525,0.22839002795711963,,,
cfg_44766812e6628917,202608083,5,-0.4,0.5,0.25,4,success,0.013569655628214048,0.0112485939257593,0.002321061702454748,0.20634238534822674,,,
cfg_44766812e6628917,202608084,5,-0.4,0.5,0.25,4,success,0.007293841929904669,0.0112485939257593,0.003954751995854632,0.35157745243147615,,,
cfg_45857162020927f7,202608080,5,-0.4,1.0,0.75,4,success,0.7227962656371156,0.7216054654141761,0.001190800222939492,0.0016502095397185146,,,
cfg_45857162020927f7,202608081,5,-0.4,1.0,0.75,4,success,0.7198853518947302,0.7216054654141761,0.0017201135194458983,0.002383731279610824,,,
cfg_45857162020927f7,202608082,5,-0.4,1.0,0.75,4,success,0.7359151485702973,0.7216054654141761,0.014309683156121134,0.01983034198321638,,,
cfg_45857162020927f7,202608083,5,-0.4,1.0,0.75,4,success,0.7199141265522526,0.7216054654141761,0.0016913388619235192,0.0023438553932691604,,,
cfg_45857162020927f7,202608084,5,-0.4,1.0,0.75,4,success,0.7162524219461733,0.7216054654141761,0.005353043468002805,0.007418241302995601,,,
cfg_45c55aa0fe47385d,202608080,2,0.8,4.0,0.25,4,success,0.9821620272842021,0.9649415692821374,0.01722045800206473,0.017846114780686453,,,
cfg_45c55aa0fe47385d,202608081,2,0.8,4.0,0.25,4,success,0.9475970334597938,0.9649415692821374,0.01734453582234352,0.01797470061865703,,,
cfg_45c55aa0fe47385d,202608082,2,0.8,4.0,0.25,4,success,0.9610783189032392,0.9649415692821374,0.00386325037889812,0.00400361068678196,,,
cfg_45c55aa0fe47385d,202608083,2,0.8,4.0,0.25,4,success,0.9977621379448677,0.9649415692821374,0.03282056866273031,0.03401301146881565,,,
cfg_45c55aa0fe47385d,202608084,2,0.8,4.0,0.25,4,success,0.9806061998244547,0.9649415692821374,0.01566463054231737,0.016233760717730278,,,
cfg_460b7a369544f25c,202608080,5,0.8,1.0,0.75,4,success,1.5454405854588655,1.557377049180328,0.011936463721462509,0.007664466179044347,,,
cfg_460b7a369544f25c,202608081,5,0.8,1.0,0.75,4,success,1.5762533739662652,1.557377049180328,0.01887632478593715,0.012120587494128062,,,
cfg_460b7a369544f25c,202608082,5,0.8,1.0,0.75,4,success,1.5690972032820705,1.557377049180328,0.01172015410174243,0.0075255726337504015,,,
cfg_460b7a369544f25c,202608083,5,0.8,1.0,0.75,4,success,1.5497468734955557,1.557377049180328,0.007630175684772311,0.004899375966011694,,,
cfg_460b7a369544f25c,202608084,5,0.8,1.0,0.75,4,success,1.5502094863901468,1.557377049180328,0.00716756279018127,0.004602329791590078,,,
cfg_463c6c5c3170cc91,202608080,5,-0.8,0.1,0.5,4,success,0.03781121431767113,0.03313452617627566,0.00467668814139547,0.14114244810731538,,,
cfg_463c6c5c3170cc91,202608081,5,-0.8,0.1,0.5,4,success,0.029486163952704883,0.03313452617627566,0.0036483622235707752,0.11010757190736607,,,
cfg_463c6c5c3170cc91,202608082,5,-0.8,0.1,0.5,4,success,0.0416307940514928,0.03313452617627566,0.008496267875217144,0.25641736447405356,,,
cfg_463c6c5c3170cc91,202608083,5,-0.8,0.1,0.5,4,success,0.022990864789117525,0.03313452617627566,0.010143661387158134,0.3061357006644327,,,
cfg_463c6c5c3170cc91,202608084,5,-0.8,0.1,0.5,4,success,0.0358952550452346,0.03313452617627566,0.0027607288689589435,0.08331879726518096,,,
cfg_46bf68f41cfb2370,202608080,5,-0.4,0.1,0.25,4,success,0.01765726972841896,0.013553808620222306,0.004103461108196654,0.3027533605627486,,,
cfg_46bf68f41cfb2370,202608081,5,-0.4,0.1,0.25,4,success,0.014284653812920427,0.013553808620222306,0.0007308451926981204,0.05392175831726723,,,
cfg_46bf68f41cfb2370,202608082,5,-0.4,0.1,0.25,4,success,0.015208943038530955,0.013553808620222306,0.001655134418308649,0.12211581738281191,,,
cfg_46bf68f41cfb2370,202608083,5,-0.4,0.1,0.25,4,success,0.014419531878047363,0.013553808620222306,0.000865723257825057,0.0638730619623326,,,
cfg_46bf68f41cfb2370,202608084,5,-0.4,0.1,0.25,4,success,0.00997150809683412,0.013553808620222306,0.003582300523388187,0.26430213261558,,,
cfg_47a460c4b5ab3137,202608080,2,-0.8,0.1,0.5,4,success,0.03202772689111482,0.026350461133069814,0.005677265758045006,0.2154522355178081,,,
cfg_47a460c4b5ab3137,202608081,2,-0.8,0.1,0.5,4,success,0.02242127255758808,0.026350461133069814,0.003929188575481735,0.14911270643953195,,,
cfg_47a460c4b5ab3137,202608082,2,-0.8,0.1,0.5,4,success,0.02783957305300739,0.026350461133069814,0.0014891119199375753,0.05651179736163101,,,
cfg_47a460c4b5ab3137,202608083,2,-0.8,0.1,0.5,4,success,0.02435814477865875,0.026350461133069814,0.001992316354411064,0.07560840564989992,,,
cfg_47a460c4b5ab3137,202608084,2,-0.8,0.1,0.5,4,success,0.02885208012934744,0.026350461133069814,0.002501618996277627,0.094936440908736,,,
cfg_49d846a266acc7f4,202608080,2,0.0,1.0,0.5,4,success,0.5044333502004995,0.5,0.0044333502004995085,0.008866700400999017,,,
cfg_49d846a266acc7f4,202608081,2,0.0,1.0,0.5,4,success,0.5142627793016684,0.5,0.014262779301668416,0.02852555860333683,,,
cfg_49d846a266acc7f4,202608082,2,0.0,1.0,0.5,4,success,0.4862497718248207,0.5,0.013750228175179291,0.027500456350358582,,,
cfg_49d846a266acc7f4,202608083,2,0.0,1.0,0.5,4,success,0.5229432927534948,0.5,0.022943292753494826,0.04588658550698965,,,
cfg_49d846a266acc7f4,202608084,2,0.0,1.0,0.5,4,success,0.5043489235008942,0.5,0.0043489235008942195,0.008697847001788439,,,
cfg_49e3686091672cde,202608080,20,-0.4,0.5,0.0,4,success,2.1334312192728278,2.2535211267605635,0.12008990748773574,0.05328989644768273,3.2000000000000006,0.9464788732394371,0.9464788732394371
cfg_49e3686091672cde,202608081,20,-0.4,0.5,0.0,4,success,2.3739059905544346,2.2535211267605635,0.12038486379387114,0.05342078330853032,3.2000000000000006,0.9464788732394371,0.9464788732394371
cfg_49e3686091672cde,202608082,20,-0.4,0.5,0.0,4,success,2.2882885853159896,2.2535211267605635,0.03476745855542607,0.015428059733970316,3.2000000000000006,0.9464788732394371,0.9464788732394371
cfg_49e3686091672cde,202608083,20,-0.4,0.5,0.0,4,success,2.3031098863302306,2.2535211267605635,0.04958875956966713,0.022005012059039788,3.2000000000000006,0.9464788732394371,0.9464788732394371
cfg_49e3686091672cde,202608084,20,-0.4,0.5,0.0,4,success,2.2252167777050467,2.2535211267605635,0.02830434905551682,0.012560054893385589,3.2000000000000006,0.9464788732394371,0.9464788732394371
cfg_4a0f529cbdc661b9,202608080,10,0.8,0.1,1.0,4,success,1.0,1.0,0.0,0.0,,,
cfg_4a0f529cbdc661b9,202608081,10,0.8,0.1,1.0,4,success,1.0,1.0,0.0,0.0,,,
cfg_4a0f529cbdc661b9,202608082,10,0.8,0.1,1.0,4,success,1.0,1.0,0.0,0.0,,,
cfg_4a0f529cbdc661b9,202608083,10,0.8,0.1,1.0,4,success,1.0,1.0,0.0,0.0,,,
cfg_4a0f529cbdc661b9,202608084,10,0.8,0.1,1.0,4,success,1.0,1.0,0.0,0.0,,,
cfg_4a95cf040e502206,202608080,2,0.4,0.1,1.0,4,success,1.0,1.0,0.0,0.0,,,
cfg_4a95cf040e502206,202608081,2,0.4,0.1,1.0,4,success,1.0,1.0,0.0,0.0,,,
cfg_4a95cf040e502206,202608082,2,0.4,0.1,1.0,4,success,1.0,1.0,0.0,0.0,,,
cfg_4a95cf040e502206,202608083,2,0.4,0.1,1.0,4,success,1.0,1.0,0.0,0.0,,,
cfg_4a95cf040e502206,202608084,2,0.4,0.1,1.0,4,success,1.0,1.0,0.0,0.0,,,
cfg_4ab5bba40a4531c2,202608080,10,0.0,1.0,1.0,4,success,1.0,1.0,0.0,0.0,,,
cfg_4ab5bba40a4531c2,202608081,10,0.0,1.0,1.0,4,success,1.0,1.0,0.0,0.0,,,
cfg_4ab5bba40a4531c2,202608082,10,0.0,1.0,1.0,4,success,1.0,1.0,0.0,0.0,,,
cfg_4ab5bba40a4531c2,202608083,10,0.0,1.0,1.0,4,success,1.0,1.0,0.0,0.0,,,
cfg_4ab5bba40a4531c2,202608084,10,0.0,1.0,1.0,4,success,1.0,1.0,0.0,0.0,,,
cfg_4abb2769a270f052,202608080,10,-0.8,4.0,0.5,4,success,0.03329290368573254,0.032154340836012846,0.0011385628497196931,0.03540930462628247,,,
cfg_4abb2769a270f052,202608081,10,-0.8,4.0,0.5,4,success,0.03045890539297315,0.032154340836012846,0.0016954354430396973,0.052728042278534615,,,
cfg_4abb2769a270f052,202608082,10,-0.8,4.0,0.5,4,success,0.034031850463260606,0.032154340836012846,0.00187750962724776,0.058390549407405366,,,
cfg_4abb2769a270f052,202608083,10,-0.8,4.0,0.5,4,success,0.03411438761782798,0.032154340836012846,0.0019600467818151335,0.06095745491445068,,,
cfg_4abb2769a270f052,202608084,10,-0.8,4.0,0.5,4,success,0.03269925780319645,0.032154340836012846,0.0005449169671836035,0.016946917679410076,,,
cfg_4b722933ff566839,202608080,10,0.4,1.0,0.75,4,success,1.248694467685323,1.2587108013937283,0.010016333708405156,0.007957613216089355,,,
cfg_4b722933ff566839,202608081,10,0.4,1.0,0.75,4,success,1.260567272108165,1.2587108013937283,0.001856470714436842,0.0014748985329920378,,,
cfg_4b722933ff566839,202608082,10,0.4,1.0,0.75,4,success,1.2565969087574775,1.2587108013937283,0.002113892636250725,0.0016794108971735862,,,
cfg_4b722933ff566839,202608083,10,0.4,1.0,0.75,4,success,1.248379823379242,1.2587108013937283,0.010330978014486236,0.008207586685557232,,,
cfg_4b722933ff566839,202608084,10,0.4,1.0,0.75,4,success,1.2525552037049954,1.2587108013937283,0.006155597688732861,0.00489039871741545,,,
cfg_4c448e94dd57ab85,202608080,10,0.8,1.0,0.0,4,success,4.677506305449048,4.705882352941177,0.028376047492128187,0.006029910092077239,6.400000000000001,1.6941176470588246,1.6941176470588246
cfg_4c448e94dd57ab85,202608081,10,0.8,1.0,0.0,4,success,5.0201027826031215,4.705882352941177,0.31422042966194486,0.06677184130316328,6.400000000000001,1.6941176470588246,1.6941176470588246
cfg_4c448e94dd57ab85,202608082,10,0.8,1.0,0.0,4,success,4.900617505691498,4.705882352941177,0.19473515275032138,0.04138121995944329,6.400000000000001,1.6941176470588246,1.6941176470588246
cfg_4c448e94dd57ab85,202608083,10,0.8,1.0,0.0,4,success,4.896342742372205,4.705882352941177,0.1904603894310286,0.04047283275409358,6.400000000000001,1.6941176470588246,1.6941176470588246
cfg_4c448e94dd57ab85,202608084,10,0.8,1.0,0.0,4,success,4.836100752227364,4.705882352941177,0.1302183992861874,0.02767140984831482,6.400000000000001,1.6941176470588246,1.6941176470588246
cfg_4c587ca897f6460a,202608080,20,-0.8,0.1,0.0,4,success,13.589528636103482,12.355212355212357,1.2343162808911252,0.09990247398462543,12.800000000000002,0.4447876447876453,0.4447876447876453
cfg_4c587ca897f6460a,202608081,20,-0.8,0.1,0.0,4,success,12.053690310795577,12.355212355212357,0.3015220444167799,0.024404440469983118,12.800000000000002,0.4447876447876453,0.4447876447876453
cfg_4c587ca897f6460a,202608082,20,-0.8,0.1,0.0,4,success,11.460464152634025,12.355212355212357,0.8947482025783327,0.07241868264618379,12.800000000000002,0.4447876447876453,0.4447876447876453
cfg_4c587ca897f6460a,202608083,20,-0.8,0.1,0.0,4,success,13.525206139727176,12.355212355212357,1.1699937845148192,0.09469637193416816,12.800000000000002,0.4447876447876453,0.4447876447876453
cfg_4c587ca897f6460a,202608084,20,-0.8,0.1,0.0,4,success,11.922774557378467,12.355212355212357,0.4324377978338898,0.03500043426218045,12.800000000000002,0.4447876447876453,0.4447876447876453
cfg_4cbadcb20cb3fd9d,202608080,2,0.4,1.0,0.75,4,success,1.1803731190862372,1.1653225806451613,0.015050538441075956,0.012915340945975216,,,
cfg_4cbadcb20cb3fd9d,202608081,2,0.4,1.0,0.75,4,success,1.1553615604573328,1.1653225806451613,0.009961020187828407,0.00854786507467628,,,
cfg_4cbadcb20cb3fd9d,202608082,2,0.4,1.0,0.75,4,success,1.1821415871230774,1.1653225806451613,0.01681900647791612,0.014432919053713487,,,
cfg_4cbadcb20cb3fd9d,202608083,2,0.4,1.0,0.75,4,success,1.145122869865369,1.1653225806451613,0.020199710779792213,0.017334007866396085,,,
cfg_4cbadcb20cb3fd9d,202608084,2,0.4,1.0,0.75,4,success,1.163016537011888,1.1653225806451613,0.002306043633273358,0.0019788886541584525,,,
cfg_4d948e698e8b1669,202608080,2,0.8,0.5,0.0,4,success,1.0322421970480302,1.0847457627118646,0.052503565663834406,0.04840172459634733,1.2800000000000002,0.19525423728813562,0.19525423728813562
cfg_4d948e698e8b1669,202608081,2,0.8,0.5,0.0,4,success,1.069790448020821,1.0847457627118646,0.01495531469104372,0.013786930730805926,1.2800000000000002,0.19525423728813562,0.19525423728813562
cfg_4d948e698e8b1669,202608082,2,0.8,0.5,0.0,4,success,1.090641923094133,1.0847457627118646,0.005896160382268478,0.0054355228524037525,1.2800000000000002,0.19525423728813562,0.19525423728813562
cfg_4d948e698e8b1669,202608083,2,0.8,0.5,0.0,4,success,1.068601202873723,1.0847457627118646,0.01614455983814156,0.014883266100786746,1.2800000000000002,0.19525423728813562,0.19525423728813562
cfg_4d948e698e8b1669,202608084,2,0.8,0.5,0.0,4,success,1.097266283875924,1.0847457627118646,0.012520521164059328,0.011542355448117192,1.2800000000000002,0.19525423728813562,0.19525423728813562
cfg_4dc1b10fb859103d,202608080,10,-0.4,4.0,1.0,4,success,1.0,1.0,0.0,0.0,,,
cfg_4dc1b10fb859103d,202608081,10,-0.4,4.0,1.0,4,success,1.0,1.0,0.0,0.0,,,
cfg_4dc1b10fb859103d,202608082,10,-0.4,4.0,1.0,4,success,1.0,1.0,0.0,0.0,,,
cfg_4dc1b10fb859103d,202608083,10,-0.4,4.0,1.0,4,success,1.0,1.0,0.0,0.0,,,
cfg_4dc1b10fb859103d,202608084,10,-0.4,4.0,1.0,4,success,1.0,1.0,0.0,0.0,,,
cfg_4e689764d0b2ad5c,202608080,2,0.8,0.1,0.0,4,success,1.0978293695319408,1.2355212355212357,0.13769186598929495,0.11144435403508558,1.2800000000000002,0.04447876447876453,0.04447876447876453
cfg_4e689764d0b2ad5c,202608081,2,0.8,0.1,0.0,4,success,1.1329256429113992,1.2355212355212357,0.10259559260983653,0.08303830776858642,1.2800000000000002,0.04447876447876453,0.04447876447876453
cfg_4e689764d0b2ad5c,202608082,2,0.8,0.1,0.0,4,success,1.151258978644591,1.2355212355212357,0.08426225687664468,0.06819976415953428,1.2800000000000002,0.04447876447876453,0.04447876447876453
cfg_4e689764d0b2ad5c,202608083,2,0.8,0.1,0.0,4,success,1.2204556659028252,1.2355212355212357,0.015065569618410546,0.012193695409901034,1.2800000000000002,0.04447876447876453,0.04447876447876453
cfg_4e689764d0b2ad5c,202608084,2,0.8,0.1,0.0,4,success,1.1515226057695516,1.2355212355212357,0.08399862975168415,0.06798639095526934,1.2800000000000002,0.04447876447876453,0.04447876447876453
cfg_4ecb8987a09c7792,202608080,5,0.0,4.0,1.0,4,success,1.0,1.0,0.0,0.0,,,
cfg_4ecb8987a09c7792,202608081,5,0.0,4.0,1.0,4,success,1.0,1.0,0.0,0.0,,,
cfg_4ecb8987a09c7792,202608082,5,0.0,4.0,1.0,4,success,1.0,1.0,0.0,0.0,,,
cfg_4ecb8987a09c7792,202608083,5,0.0,4.0,1.0,4,success,1.0,1.0,0.0,0.0,,,
cfg_4ecb8987a09c7792,202608084,5,0.0,4.0,1.0,4,success,1.0,1.0,0.0,0.0,,,
cfg_4ed6fbf7c457659c,202608080,10,-0.4,1.0,0.75,4,success,0.7341345706018978,0.736062717770035,0.001928147168137162,0.0026195419515046884,,,
cfg_4ed6fbf7c457659c,202608081,10,-0.4,1.0,0.75,4,success,0.7366461219267193,0.736062717770035,0.0005834041566843418,0.0007926011501463009,,,
cfg_4ed6fbf7c457659c,202608082,10,-0.4,1.0,0.75,4,success,0.7383925748832925,0.736062717770035,0.0023298571132575052,0.0031652970012066455,,,
cfg_4ed6fbf7c457659c,202608083,10,-0.4,1.0,0.75,4,success,0.735185568990287,0.736062717770035,0.0008771487797479827,0.0011916766853854249,,,
cfg_4ed6fbf7c457659c,202608084,10,-0.4,1.0,0.75,4,success,0.7335207709589404,0.736062717770035,0.002541946811094542,0.0034534377977947146,,,
cfg_518058cdc3ad43f1,202608080,20,0.4,4.0,0.75,4,success,1.2546691738020588,1.2540681275764807,0.0006010462255781057,0.00047927717191859683,,,
cfg_518058cdc3ad43f1,202608081,20,0.4,4.0,0.75,4,success,1.2556905138111765,1.2540681275764807,0.001622386234695794,0.0012936986428569058,,,
cfg_518058cdc3ad43f1,202608082,20,0.4,4.0,0.75,4,success,1.2564177055567973,1.2540681275764807,0.0023495779803166528,0.001873564863543158,,,
cfg_518058cdc3ad43f1,202608083,20,0.4,4.0,0.75,4,success,1.2645249871459885,1.2540681275764807,0.010456859569507815,0.008338350476792652,,,
cfg_518058cdc3ad43f1,202608084,20,0.4,4.0,0.75,4,success,1.2563514393913267,1.2540681275764807,0.0022833118148459786,0.001820723902184276,,,
cfg_51e5284d2a2262c7,202608080,20,-0.4,4.0,0.5,4,success,0.29252887294667085,0.29556650246305416,0.003037629516383311,0.01027731319709687,,,
cfg_51e5284d2a2262c7,202608081,20,-0.4,4.0,0.5,4,success,0.2946677194528709,0.29556650246305416,0.0008987830101832572,0.003040882517786687,,,
cfg_51e5284d2a2262c7,202608082,20,-0.4,4.0,0.5,4,success,0.28657389090947805,0.29556650246305416,0.008992611553576113,0.03042500242293252,,,
cfg_51e5284d2a2262c7,202608083,20,-0.4,4.0,0.5,4,success,0.2948471003678562,0.29556650246305416,0.0007194020951979407,0.002433977088753033,,,
cfg_51e5284d2a2262c7,202608084,20,-0.4,4.0,0.5,4,success,0.29109971074561314,0.29556650246305416,0.004466791717441021,0.015112645310675455,,,
cfg_526d2d3109bfa590,202608080,20,0.4,1.0,0.0,4,success,1.673953592900212,1.739130434782609,0.06517684188239703,0.03747668408237828,3.2000000000000006,1.4608695652173915,1.4608695652173915
cfg_526d2d3109bfa590,202608081,20,0.4,1.0,0.0,4,success,1.7825974068737056,1.739130434782609,0.04346697209109651,0.024993508952380488,3.2000000000000006,1.4608695652173915,1.4608695652173915
cfg_526d2d3109bfa590,202608082,20,0.4,1.0,0.0,4,success,1.6301319845589075,1.739130434782609,0.10899845022370158,0.0626741088786284,3.2000000000000006,1.4608695652173915,1.4608695652173915
cfg_526d2d3109bfa590,202608083,20,0.4,1.0,0.0,4,success,1.802504882607121,1.739130434782609,0.06337444782451196,0.03644030749909437,3.2000000000000006,1.4608695652173915,1.4608695652173915
cfg_526d2d3109bfa590,202608084,20,0.4,1.0,0.0,4,success,1.7377846846007055,1.739130434782609,0.0013457501819036377,0.0007738063545945915,3.2000000000000006,1.4608695652173915,1.4608695652173915
cfg_5347a2ea1d53f1c9,202608080,2,-0.4,0.1,0.5,4,success,0.24644232322777046,0.23346303501945523,0.012979288208315232,0.055594617825616914,,,
cfg_5347a2ea1d53f1c9,202608081,2,-0.4,0.1,0.5,4,success,0.2502604391494957,0.23346303501945523,0.016797404130040466,0.07194888102367333,,,
cfg_5347a2ea1d53f1c9,202608082,2,-0.4,0.1,0.5,4,success,0.25900339331239425,0.23346303501945523,0.02554035829293902,0.10939786802142215,,,
cfg_5347a2ea1d53f1c9,202608083,2,-0.4,0.1,0.5,4,success,0.24829627617492944,0.23346303501945523,0.014833241155474214,0.06353571628261456,,,
cfg_5347a2ea1d53f1c9,202608084,2,-0.4,0.1,0.5,4,success,0.22437943168747917,0.23346303501945523,0.009083603331976053,0.038908100938630764,,,
cfg_536230f0c06add1d,202608080,2,-0.8,1.0,1.0,4,success,1.0,1.0,0.0,0.0,,,
cfg_536230f0c06add1d,202608081,2,-0.8,1.0,1.0,4,success,1.0,1.0,0.0,0.0,,,
cfg_536230f0c06add1d,202608082,2,-0.8,1.0,1.0,4,success,1.0,1.0,0.0,0.0,,,
cfg_536230f0c06add1d,202608083,2,-0.8,1.0,1.0,4,success,1.0,1.0,0.0,0.0,,,
cfg_536230f0c06add1d,202608084,2,-0.8,1.0,1.0,4,success,1.0,1.0,0.0,0.0,,,
cfg_53e0b47fe28e769e,202608080,10,-0.4,0.5,0.25,4,success,0.01703155523766896,0.01755926251097457,0.0005277072733056096,0.03005292921475441,,,
cfg_53e0b47fe28e769e,202608081,10,-0.4,0.5,0.25,4,success,0.02269004572322784,0.01755926251097457,0.00513078321225327,0.2921981039378232,,,
cfg_53e0b47fe28e769e,202608082,10,-0.4,0.5,0.25,4,success,0.020226501798938538,0.01755926251097457,0.002667239287963967,0.15189927744954765,,,
cfg_53e0b47fe28e769e,202608083,10,-0.4,0.5,0.25,4,success,0.013935668002244866,0.01755926251097457,0.003623594508729705,0.20636370727215633,,,
cfg_53e0b47fe28e769e,202608084,10,-0.4,0.5,0.25,4,success,0.020964988025267927,0.01755926251097457,0.0034057255142933562,0.19395606803900628,,,
cfg_549fe335999601ac,202608080,10,0.0,0.5,0.75,4,success,0.975290904023969,0.9836065573770492,0.008315653353080155,0.00845424757563149,,,
cfg_549fe335999601ac,202608081,10,0.0,0.5,0.75,4,success,0.9809803313822127,0.9836065573770492,0.0026262259948364175,0.0026699964280836913,,,
cfg_549fe335999601ac,202608082,10,0.0,0.5,0.75,4,success,0.9842057913808908,0.9836065573770492,0.0005992340038416533,0.0006092212372390142,,,
cfg_549fe335999601ac,202608083,10,0.0,0.5,0.75,4,success,0.9800951526981517,0.9836065573770492,0.003511404678897434,0.0035699280902123914,,,
cfg_549fe335999601ac,202608084,10,0.0,0.5,0.75,4,success,0.9856384582380399,0.9836065573770492,0.0020319008609906986,0.0020657658753405438,,,
cfg_5508efcc5c841073,202608080,10,-0.8,0.1,0.75,4,success,0.5288306609273771,0.5316578057032384,0.0028271447758613233,0.005317602310233706,,,
cfg_5508efcc5c841073,202608081,10,-0.8,0.1,0.75,4,success,0.5298717676105703,0.5316578057032384,0.0017860380926680852,0.003359375285209334,,,
cfg_5508efcc5c841073,202608082,10,-0.8,0.1,0.75,4,success,0.541530344547357,0.5316578057032384,0.00987253884411865,0.018569348062255894,,,
cfg_5508efcc5c841073,202608083,10,-0.8,0.1,0.75,4,success,0.548148256856173,0.5316578057032384,0.01649045115293457,0.031017039486746927,,,
cfg_5508efcc5c841073,202608084,10,-0.8,0.1,0.75,4,success,0.5334848097070325,0.5316578057032384,0.0018270040037940971,0.003436428439863624,,,
cfg_5622e24c7ebb3b9c,202608080,20,-0.4,4.0,1.0,4,success,1.0,1.0,0.0,0.0,,,
cfg_5622e24c7ebb3b9c,202608081,20,-0.4,4.0,1.0,4,success,1.0,1.0,0.0,0.0,,,
cfg_5622e24c7ebb3b9c,202608082,20,-0.4,4.0,1.0,4,success,1.0,1.0,0.0,0.0,,,
cfg_5622e24c7ebb3b9c,202608083,20,-0.4,4.0,1.0,4,success,1.0,1.0,0.0,0.0,,,
cfg_5622e24c7ebb3b9c,202608084,20,-0.4,4.0,1.0,4,success,1.0,1.0,0.0,0.0,,,
cfg_5631a62ab6a39afb,202608080,2,-0.8,1.0,0.5,4,success,0.025743284574093066,0.023809523809523798,0.0019337607645692687,0.08121795211190933,,,
cfg_5631a62ab6a39afb,202608081,2,-0.8,1.0,0.5,4,success,0.02094523052657854,0.023809523809523798,0.002864293282945258,0.1203003178837009,,,
cfg_5631a62ab6a39afb,202608082,2,-0.8,1.0,0.5,4,success,0.022289518475394725,0.023809523809523798,0.001520005334129073,0.0638402240334211,,,
cfg_5631a62ab6a39afb,202608083,2,-0.8,1.0,0.5,4,success,0.021532698842072654,0.023809523809523798,0.0022768249674511437,0.09562664863294808,,,
cfg_5631a62ab6a39afb,202608084,2,-0.8,1.0,0.5,4,success,0.028320252729143992,0.023809523809523798,0.0045107289196201945,0.18945061462404827,,,
cfg_56d051dc277ff46f,202608080,20,-0.4,4.0,0.0,4,success,0.7283586200708255,0.7339449541284404,0.0055863340576148834,0.0076113801535002785,3.2000000000000006,2.46605504587156,2.46605504587156
cfg_56d051dc277ff46f,202608081,20,-0.4,4.0,0.0,4,success,0.7239872062560151,0.7339449541284404,0.009957747872425315,0.013567431476179491,3.2000000000000006,2.46605504587156,2.46605504587156
cfg_56d051dc277ff46f,202608082,20,-0.4,4.0,0.0,4,success,0.7170935475522141,0.7339449541284404,0.016851406576226302,0.022960041460108334,3.2000000000000006,2.46605504587156,2.46605504587156
cfg_56d051dc277ff46f,202608083,20,-0.4,4.0,0.0,4,success,0.7380432423329801,0.7339449541284404,0.004098288204539724,0.005583917678685373,3.2000000000000006,2.46605504587156,2.46605504587156
cfg_56d051dc277ff46f,202608084,20,-0.4,4.0,0.0,4,success,0.7140939859267493,0.7339449541284404,0.019850968201691077,0.02704694417480409,3.2000000000000006,2.46605504587156,2.46605504587156
cfg_5775ccc3e7337cf4,202608080,20,-0.8,0.1,0.75,4,success,0.5204219634607513,0.5347002806071721,0.014278317146420805,0.02670340312933302,,,
cfg_5775ccc3e7337cf4,202608081,20,-0.8,0.1,0.75,4,success,0.5464982157642292,0.5347002806071721,0.011797935157057071,0.022064576333605205,,,
cfg_5775ccc3e7337cf4,202608082,20,-0.8,0.1,0.75,4,success,0.5434805466127478,0.5347002806071721,0.008780266005575688,0.016420911534973142,,,
cfg_5775ccc3e7337cf4,202608083,20,-0.8,0.1,0.75,4,success,0.5454499422240151,0.5347002806071721,0.010749661616842987,0.020104088227962672,,,
cfg_5775ccc3e7337cf4,202608084,20,-0.8,0.1,0.75,4,success,0.5573774914395746,0.5347002806071721,0.022677210832402483,0.04241106963073157,,,
cfg_58c6a5559b69abe6,202608080,20,0.8,0.1,0.25,4,success,8.329075184669211,7.884326831264495,0.44474835340471586,0.05640917264377113,,,
cfg_58c6a5559b69abe6,202608081,20,0.8,0.1,0.25,4,success,7.598383872952493,7.884326831264495,0.28594295831200256,0.0362672634495725,,,
cfg_58c6a5559b69abe6,202608082,20,0.8,0.1,0.25,4,success,7.6769250979244825,7.884326831264495,0.20740173334001266,0.02630557278746769,,,
cfg_58c6a5559b69abe6,202608083,20,0.8,0.1,0.25,4,success,7.590659494963838,7.884326831264495,0.2936673363006568,0.03724697651245872,,,
cfg_58c6a5559b69abe6,202608084,20,0.8,0.1,0.25,4,success,7.7984392992459854,7.884326831264495,0.08588753201850974,0.010893451509129667,,,
cfg_58da3874d3b9ccba,202608080,2,-0.4,4.0,0.0,4,success,0.07008090587128168,0.07339449541284405,0.00331358954156237,0.045147657503787283,0.32000000000000006,0.24660550458715602,0.24660550458715602
cfg_58da3874d3b9ccba,202608081,2,-0.4,4.0,0.0,4,success,0.0706926889678679,0.07339449541284405,0.002701806444976154,0.03681211281280009,0.32000000000000006,0.24660550458715602,0.24660550458715602
cfg_58da3874d3b9ccba,202608082,2,-0.4,4.0,0.0,4,success,0.0739431786467262,0.07339449541284405,0.000548683233882144,0.0074758090616442105,0.32000000000000006,0.24660550458715602,0.24660550458715602
cfg_58da3874d3b9ccba,202608083,2,-0.4,4.0,0.0,4,success,0.07466825351370054,0.07339449541284405,0.0012737581008564897,0.017354954124169666,0.32000000000000006,0.24660550458715602,0.24660550458715602
cfg_58da3874d3b9ccba,202608084,2,-0.4,4.0,0.0,4,success,0.07275518359505864,0.07339449541284405,0.0006393118177854124,0.008710623517326242,0.32000000000000006,0.24660550458715602,0.24660550458715602
cfg_5902318dd18a3485,202608080,20,0.0,1.0,0.0,4,success,0.00024855342946950823,0.0,0.00024855342946950823,,0.0,0.0,0.0
cfg_5902318dd18a3485,202608081,20,0.0,1.0,0.0,4,success,0.00019260053566168582,0.0,0.00019260053566168582,,0.0,0.0,0.0
cfg_5902318dd18a3485,202608082,20,0.0,1.0,0.0,4,success,0.00026655394012397107,0.0,0.00026655394012397107,,0.0,0.0,0.0
cfg_5902318dd18a3485,202608083,20,0.0,1.0,0.0,4,success,9.218652787622266e-05,0.0,9.218652787622266e-05,,0.0,0.0,0.0
cfg_5902318dd18a3485,202608084,20,0.0,1.0,0.0,4,success,0.000371233430865289,0.0,0.000371233430865289,,0.0,0.0,0.0
cfg_59218a3ed913c6fa,202608080,10,0.4,1.0,0.5,4,success,1.6653779998432312,1.655405405405405,0.009972594437826166,0.006024261129788868,,,
cfg_59218a3ed913c6fa,202608081,10,0.4,1.0,0.5,4,success,1.6299526452551554,1.655405405405405,0.025452760150249665,0.015375544907089598,,,
cfg_59218a3ed913c6fa,202608082,10,0.4,1.0,0.5,4,success,1.6520089694737097,1.655405405405405,0.003396435931695363,0.0020517245628200566,,,
cfg_59218a3ed913c6fa,202608083,10,0.4,1.0,0.5,4,success,1.6597030072049614,1.655405405405405,0.004297601799556405,0.002596102311568768,,,
cfg_59218a3ed913c6fa,202608084,10,0.4,1.0,0.5,4,success,1.6401927623146524,1.655405405405405,0.015212643090752653,0.009189678275230177,,,
cfg_5976416b796680e6,202608080,5,0.0,0.5,0.25,4,success,0.2684950397308836,0.2702702702702703,0.001775230539386663,0.006568352995730653,,,
cfg_5976416b796680e6,202608081,5,0.0,0.5,0.25,4,success,0.29789793062491826,0.2702702702702703,0.027627660354647976,0.10222234331219751,,,
cfg_5976416b796680e6,202608082,5,0.0,0.5,0.25,4,success,0.25725812181304386,0.2702702702702703,0.013012148457226425,0.048144949291737765,,,
cfg_5976416b796680e6,202608083,5,0.0,0.5,0.25,4,success,0.27004107023321827,0.2702702702702703,0.00022920003705201308,0.0008480401370924484,,,
cfg_5976416b796680e6,202608084,5,0.0,0.5,0.25,4,success,0.2750237629061407,0.2702702702702703,0.004753492635870438,0.017587922752720617,,,
cfg_5978b387594af9b4,202608080,2,0.0,0.5,0.0,4,success,0.0013826000392427981,0.0,0.0013826000392427981,,0.0,0.0,0.0
cfg_5978b387594af9b4,202608081,2,0.0,0.5,0.0,4,success,0.001271327148203797,0.0,0.001271327148203797,,0.0,0.0,0.0
cfg_5978b387594af9b4,202608082,2,0.0,0.5,0.0,4,success,0.00023051049325388458,0.0,0.00023051049325388458,,0.0,0.0,0.0
cfg_5978b387594af9b4,202608083,2,0.0,0.5,0.0,4,success,0.0018594744022260787,0.0,0.0018594744022260787,,0.0,0.0,0.0
cfg_5978b387594af9b4,202608084,2,0.0,0.5,0.0,4,success,0.0017915689892027767,0.0,0.0017915689892027767,,0.0,0.0,0.0
cfg_5984a19d70424631,202608080,5,0.8,1.0,0.5,4,success,2.547154475353535,2.547169811320755,1.5335967219698432e-05,6.020787130696421e-06,,,
cfg_5984a19d70424631,202608081,5,0.8,1.0,0.5,4,success,2.557061231247657,2.547169811320755,0.009891419926902234,0.0038832981935245808,,,
cfg_5984a19d70424631,202608082,5,0.8,1.0,0.5,4,success,2.5753528890880633,2.547169811320755,0.02818307776730844,0.011064467567906276,,,
cfg_5984a19d70424631,202608083,5,0.8,1.0,0.5,4,success,2.5932148491982163,2.547169811320755,0.0460450378774615,0.01807694079633674,,,
cfg_5984a19d70424631,202608084,5,0.8,1.0,0.5,4,success,2.5285085031545704,2.547169811320755,0.018661308166184387,0.007326291354131648,,,
cfg_59d37b48bbdea06f,202608080,5,0.0,4.0,0.25,4,success,0.09696815171338911,0.1,0.0030318482866108915,0.030318482866108915,,,
cfg_59d37b48bbdea06f,202608081,5,0.0,4.0,0.25,4,success,0.1008520796637315,0.1,0.000852079663731492,0.00852079663731492,,,
cfg_59d37b48bbdea06f,202608082,5,0.0,4.0,0.25,4,success,0.10228401889939996,0.1,0.002284018899399956,0.02284018899399956,,,
cfg_59d37b48bbdea06f,202608083,5,0.0,4.0,0.25,4,success,0.09861719587763007,0.1,0.001382804122369935,0.01382804122369935,,,
cfg_59d37b48bbdea06f,202608084,5,0.0,4.0,0.25,4,success,0.10283053801338153,0.1,0.0028305380133815256,0.028305380133815256,,,
cfg_5a8362a9b2469a4e,202608080,10,0.0,0.5,0.5,4,success,0.8671355498808233,0.8695652173913042,0.002429667510480904,0.00279411763705304,,,
cfg_5a8362a9b2469a4e,202608081,10,0.0,0.5,0.5,4,success,0.8650525287853797,0.8695652173913042,0.004512688605924464,0.0051895918968131345,,,
cfg_5a8362a9b2469a4e,202608082,10,0.0,0.5,0.5,4,success,0.882949475948756,0.8695652173913042,0.013384258557451734,0.015391897341069495,,,
cfg_5a8362a9b2469a4e,202608083,10,0.0,0.5,0.5,4,success,0.8616145669329489,0.8695652173913042,0.007950650458355302,0.009143248027108598,,,
cfg_5a8362a9b2469a4e,202608084,10,0.0,0.5,0.5,4,success,0.9017286916009766,0.8695652173913042,0.03216347420967236,0.03698799534112322,,,
cfg_5b8454cfe9fe8d01,202608080,20,-0.4,0.1,1.0,4,success,1.0,1.0,0.0,0.0,,,
cfg_5b8454cfe9fe8d01,202608081,20,-0.4,0.1,1.0,4,success,1.0,1.0,0.0,0.0,,,
cfg_5b8454cfe9fe8d01,202608082,20,-0.4,0.1,1.0,4,success,1.0,1.0,0.0,0.0,,,
cfg_5b8454cfe9fe8d01,202608083,20,-0.4,0.1,1.0,4,success,1.0,1.0,0.0,0.0,,,
cfg_5b8454cfe9fe8d01,202608084,20,-0.4,0.1,1.0,4,success,1.0,1.0,0.0,0.0,,,
cfg_5e171de225365c14,202608080,2,0.8,1.0,0.75,4,success,1.5022366901613298,1.4917355371900827,0.010501152971247096,0.0070395540693678595,,,
cfg_5e171de225365c14,202608081,2,0.8,1.0,0.75,4,success,1.4939967764188542,1.4917355371900827,0.0022612392287715277,0.0015158445799521045,,,
cfg_5e171de225365c14,202608082,2,0.8,1.0,0.75,4,success,1.508515429900779,1.4917355371900827,0.016779892710696354,0.011248570736810298,,,
cfg_5e171de225365c14,202608083,2,0.8,1.0,0.75,4,success,1.478913600917898,1.4917355371900827,0.012821936272184642,0.008595314620134856,,,
cfg_5e171de225365c14,202608084,2,0.8,1.0,0.75,4,success,1.5010973383890212,1.4917355371900827,0.00936180119893848,0.006275778089039091,,,
cfg_5f1a2e61b3dfaea4,202608080,5,0.0,1.0,0.0,4,success,0.0001754641843256794,0.0,0.0001754641843256794,,0.0,0.0,0.0
cfg_5f1a2e61b3dfaea4,202608081,5,0.0,1.0,0.0,4,success,0.0001674851668384692,0.0,0.0001674851668384692,,0.0,0.0,0.0
cfg_5f1a2e61b3dfaea4,202608082,5,0.0,1.0,0.0,4,success,0.0002578163327954569,0.0,0.0002578163327954569,,0.0,0.0,0.0
cfg_5f1a2e61b3dfaea4,202608083,5,0.0,1.0,0.0,4,success,0.0006418008879920317,0.0,0.0006418008879920317,,0.0,0.0,0.0
cfg_5f1a2e61b3dfaea4,202608084,5,0.0,1.0,0.0,4,success,8.276140091480255e-05,0.0,8.276140091480255e-05,,0.0,0.0,0.0
cfg_5f429e08d238d6e1,202608080,20,0.0,1.0,0.75,4,success,0.985694279865585,0.9890109890109888,0.003316709145403829,0.00335356146924165,,,
cfg_5f429e08d238d6e1,202608081,20,0.0,1.0,0.75,4,success,0.9956052870149716,0.9890109890109888,0.0065942980039828125,0.006667567981804845,,,
cfg_5f429e08d238d6e1,202608082,20,0.0,1.0,0.75,4,success,0.9897525910832615,0.9890109890109888,0.0007416020722726957,0.000749842095297948,,,
cfg_5f429e08d238d6e1,202608083,20,0.0,1.0,0.75,4,success,0.9895326844981874,0.9890109890109888,0.0005216954871986035,0.0005274921037230325,,,
cfg_5f429e08d238d6e1,202608084,20,0.0,1.0,0.75,4,success,0.9874994037114705,0.9890109890109888,0.0015115852995183365,0.0015283806917352073,,,
cfg_5f82e35fdd95b71d,202608080,10,-0.8,0.1,1.0,4,success,1.0,1.0,0.0,0.0,,,
cfg_5f82e35fdd95b71d,202608081,10,-0.8,0.1,1.0,4,success,1.0,1.0,0.0,0.0,,,
cfg_5f82e35fdd95b71d,202608082,10,-0.8,0.1,1.0,4,success,1.0,1.0,0.0,0.0,,,
cfg_5f82e35fdd95b71d,202608083,10,-0.8,0.1,1.0,4,success,1.0,1.0,0.0,0.0,,,
cfg_5f82e35fdd95b71d,202608084,10,-0.8,0.1,1.0,4,success,1.0,1.0,0.0,0.0,,,
cfg_60f0d377a12d6a57,202608080,20,0.0,0.1,1.0,4,success,1.0,1.0,0.0,0.0,,,
cfg_60f0d377a12d6a57,202608081,20,0.0,0.1,1.0,4,success,1.0,1.0,0.0,0.0,,,
cfg_60f0d377a12d6a57,202608082,20,0.0,0.1,1.0,4,success,1.0,1.0,0.0,0.0,,,
cfg_60f0d377a12d6a57,202608083,20,0.0,0.1,1.0,4,success,1.0,1.0,0.0,0.0,,,
cfg_60f0d377a12d6a57,202608084,20,0.0,0.1,1.0,4,success,1.0,1.0,0.0,0.0,,,
cfg_61b4ab12d3eeaac9,202608080,2,0.8,1.0,0.5,4,success,1.8845458444797971,1.9285714285714288,0.04402558409163171,0.022828080640105327,,,
cfg_61b4ab12d3eeaac9,202608081,2,0.8,1.0,0.5,4,success,1.9930853391793655,1.9285714285714288,0.06451391060793665,0.03345165735226344,,,
cfg_61b4ab12d3eeaac9,202608082,2,0.8,1.0,0.5,4,success,1.8298770014388563,1.9285714285714288,0.09869442713257248,0.05117488814281535,,,
cfg_61b4ab12d3eeaac9,202608083,2,0.8,1.0,0.5,4,success,1.9303371380274261,1.9285714285714288,0.0017657094559972997,0.000915553051257859,,,
cfg_61b4ab12d3eeaac9,202608084,2,0.8,1.0,0.5,4,success,1.8992134858985767,1.9285714285714288,0.029357942672852078,0.015222636941478853,,,
cfg_624a5ff381e55e70,202608080,10,-0.4,0.1,0.25,4,success,0.01569609465759525,0.020247013565499124,0.004550918907903875,0.22476988486137198,,,
cfg_624a5ff381e55e70,202608081,10,-0.4,0.1,0.25,4,success,0.0185493506091699,0.020247013565499124,0.0016976629563292232,0.08384757341310019,,,
cfg_624a5ff381e55e70,202608082,10,-0.4,0.1,0.25,4,success,0.02521777775559295,0.020247013565499124,0.004970764190093825,0.2455060433487336,,,
cfg_624a5ff381e55e70,202608083,10,-0.4,0.1,0.25,4,success,0.02664027325197241,0.020247013565499124,0.006393259686473286,0.3157630959149151,,,
cfg_624a5ff381e55e70,202608084,10,-0.4,0.1,0.25,4,success,0.01839051977578438,0.020247013565499124,0.0018564937897147457,0.09169222827401113,,,
cfg_62d2d2679b91dcee,202608080,2,0.0,4.0,0.75,4,success,0.7769308213312902,0.782608695652174,0.005677874320883736,0.007255061632240329,,,
cfg_62d2d2679b91dcee,202608081,2,0.0,4.0,0.75,4,success,0.7807804259057728,0.782608695652174,0.0018282697464011566,0.002336122453734811,,,
cfg_62d2d2679b91dcee,202608082,2,0.0,4.0,0.75,4,success,0.7928219396554205,0.782608695652174,0.010213244003246524,0.013050256226370559,,,
cfg_62d2d2679b91dcee,202608083,2,0.0,4.0,0.75,4,success,0.7987339614089207,0.782608695652174,0.016125265756746776,0.02060450624473199,,,
cfg_62d2d2679b91dcee,202608084,2,0.0,4.0,0.75,4,success,0.7884103579274782,0.782608695652174,0.005801662275304209,0.007413235129555378,,,
cfg_62d903e96f3364b6,202608080,20,-0.8,4.0,0.25,4,success,0.9368129126735018,0.9342230695900864,0.0025898430834153663,0.0027721891780639976,,,
cfg_62d903e96f3364b6,202608081,20,-0.8,4.0,0.25,4,success,0.963652665073059,0.9342230695900864,0.029429595482972637,0.03150167924656967,,,
cfg_62d903e96f3364b6,202608082,20,-0.8,4.0,0.25,4,success,0.9509153161771584,0.9342230695900864,0.016692246587072024,0.01786751701003933,,,
cfg_62d903e96f3364b6,202608083,20,-0.8,4.0,0.25,4,success,0.9259424706967975,0.9342230695900864,0.008280598893288915,0.00886362065210211,,,
cfg_62d903e96f3364b6,202608084,20,-0.8,4.0,0.25,4,success,0.904475938963737,0.9342230695900864,0.029747130626349372,0.031841571456163745,,,
cfg_63128f91420ac66b,202608080,20,0.0,4.0,0.0,4,success,2.924620736914446e-05,0.0,2.924620736914446e-05,,0.0,0.0,0.0
cfg_63128f91420ac66b,202608081,20,0.0,4.0,0.0,4,success,0.00010235616018576359,0.0,0.00010235616018576359,,0.0,0.0,0.0
cfg_63128f91420ac66b,202608082,20,0.0,4.0,0.0,4,success,0.0001192230190059954,0.0,0.0001192230190059954,,0.0,0.0,0.0
cfg_63128f91420ac66b,202608083,20,0.0,4.0,0.0,4,success,0.00020603707865909964,0.0,0.00020603707865909964,,0.0,0.0,0.0
cfg_63128f91420ac66b,202608084,20,0.0,4.0,0.0,4,success,4.033338710128087e-05,0.0,4.033338710128087e-05,,0.0,0.0,0.0
cfg_634fdadd17b927ed,202608080,20,0.8,1.0,0.0,4,success,9.323998441640036,9.411764705882353,0.08776626424231715,0.009325165575746197,12.800000000000002,3.3882352941176492,3.3882352941176492
cfg_634fdadd17b927ed,202608081,20,0.8,1.0,0.0,4,success,9.60414366613669,9.411764705882353,0.1923789602543362,0.02044026452702322,12.800000000000002,3.3882352941176492,3.3882352941176492
cfg_634fdadd17b927ed,202608082,20,0.8,1.0,0.0,4,success,9.510260772602663,9.411764705882353,0.09849606672031008,0.010465207089032947,12.800000000000002,3.3882352941176492,3.3882352941176492
cfg_634fdadd17b927ed,202608083,20,0.8,1.0,0.0,4,success,9.105830194099621,9.411764705882353,0.30593451178273234,0.03250554187691531,12.800000000000002,3.3882352941176492,3.3882352941176492
cfg_634fdadd17b927ed,202608084,20,0.8,1.0,0.0,4,success,9.176993820073822,9.411764705882353,0.23477088580853156,0.024944406617156478,12.800000000000002,3.3882352941176492,3.3882352941176492
cfg_638ce57591d4d417,202608080,10,0.0,0.1,1.0,4,success,1.0,1.0,0.0,0.0,,,
cfg_638ce57591d4d417,202608081,10,0.0,0.1,1.0,4,success,1.0,1.0,0.0,0.0,,,
cfg_638ce57591d4d417,202608082,10,0.0,0.1,1.0,4,success,1.0,1.0,0.0,0.0,,,
cfg_638ce57591d4d417,202608083,10,0.0,0.1,1.0,4,success,1.0,1.0,0.0,0.0,,,
cfg_638ce57591d4d417,202608084,10,0.0,0.1,1.0,4,success,1.0,1.0,0.0,0.0,,,
cfg_63a869bef8cce86f,202608080,5,0.8,0.5,0.0,4,success,2.8489194670941442,2.711864406779662,0.13705506031448245,0.05053905349096539,3.2000000000000006,0.48813559322033884,0.48813559322033884
cfg_63a869bef8cce86f,202608081,5,0.8,0.5,0.0,4,success,2.6115575607662525,2.711864406779662,0.10030684601340933,0.03698814946744468,3.2000000000000006,0.48813559322033884,0.48813559322033884
cfg_63a869bef8cce86f,202608082,5,0.8,0.5,0.0,4,success,2.4888470270178664,2.711864406779662,0.22301737976179536,0.08223765878716202,3.2000000000000006,0.48813559322033884,0.48813559322033884
cfg_63a869bef8cce86f,202608083,5,0.8,0.5,0.0,4,success,2.6596350119635033,2.711864406779662,0.052229394816158514,0.019259589338458446,3.2000000000000006,0.48813559322033884,0.48813559322033884
cfg_63a869bef8cce86f,202608084,5,0.8,0.5,0.0,4,success,2.8134331046573733,2.711864406779662,0.1015686978777115,0.037453457342406106,3.2000000000000006,0.48813559322033884,0.48813559322033884
cfg_63caee06895dfdb8,202608080,5,-0.8,4.0,0.25,4,success,0.3439242828891297,0.36350148367952545,0.019577200790395766,0.05385727890908872,,,
cfg_63caee06895dfdb8,202608081,5,-0.8,4.0,0.25,4,success,0.36684129741987204,0.36350148367952545,0.0033398137403465866,0.009187895759157542,,,
cfg_63caee06895dfdb8,202608082,5,-0.8,4.0,0.25,4,success,0.36109746476501947,0.36350148367952545,0.0024040189145059787,0.006613505095416443,,,
cfg_63caee06895dfdb8,202608083,5,-0.8,4.0,0.25,4,success,0.3668073917888712,0.36350148367952545,0.003305908109345723,0.009094620676322515,,,
cfg_63caee06895dfdb8,202608084,5,-0.8,4.0,0.25,4,success,0.3594264854534567,0.36350148367952545,0.004074998226068771,0.011210403283144287,,,
cfg_64030c09ed2e6cc7,202608080,2,0.4,0.5,0.5,4,success,1.1207759846191034,1.1461988304093567,0.025422845790253223,0.02218013586802705,,,
cfg_64030c09ed2e6cc7,202608081,2,0.4,0.5,0.5,4,success,1.1481083652396422,1.1461988304093567,0.001909534830285553,0.001665971714177702,,,
cfg_64030c09ed2e6cc7,202608082,2,0.4,0.5,0.5,4,success,1.1222905054613106,1.1461988304093567,0.023908324948046067,0.020858793704672845,,,
cfg_64030c09ed2e6cc7,202608083,2,0.4,0.5,0.5,4,success,1.1284700092455693,1.1461988304093567,0.01772882116378738,0.015467491933712458,,,
cfg_64030c09ed2e6cc7,202608084,2,0.4,0.5,0.5,4,success,1.1140155545585815,1.1461988304093567,0.032183275850775184,0.028078266175931413,,,
cfg_655314080100bfb6,202608080,5,0.0,0.5,0.5,4,success,0.777904424924354,0.7692307692307692,0.008673655693584803,0.011275752401660245,,,
cfg_655314080100bfb6,202608081,5,0.0,0.5,0.5,4,success,0.7760321677334548,0.7692307692307692,0.006801398502685685,0.008841818053491391,,,
cfg_655314080100bfb6,202608082,5,0.0,0.5,0.5,4,success,0.7651447350234228,0.7692307692307692,0.004086034207346323,0.00531184446955022,,,
cfg_655314080100bfb6,202608083,5,0.0,0.5,0.5,4,success,0.7595971354627646,0.7692307692307692,0.009633633768004524,0.012523723898405881,,,
cfg_655314080100bfb6,202608084,5,0.0,0.5,0.5,4,success,0.767054010155779,0.7692307692307692,0.0021767590749901533,0.0028297867974871995,,,
cfg_663d48d7178cad16,202608080,20,0.4,0.1,1.0,4,success,1.0,1.0,0.0,0.0,,,
cfg_663d48d7178cad16,202608081,20,0.4,0.1,1.0,4,success,1.0,1.0,0.0,0.0,,,
cfg_663d48d7178cad16,202608082,20,0.4,0.1,1.0,4,success,1.0,1.0,0.0,0.0,,,
cfg_663d48d7178cad16,202608083,20,0.4,0.1,1.0,4,success,1.0,1.0,0.0,0.0,,,
cfg_663d48d7178cad16,202608084,20,0.4,0.1,1.0,4,success,1.0,1.0,0.0,0.0,,,
cfg_67d0dec5615c5442,202608080,20,0.8,1.0,0.25,4,success,7.287273126424232,7.171215880893302,0.11605724553092944,0.016183761228015417,,,
cfg_67d0dec5615c5442,202608081,20,0.8,1.0,0.25,4,success,7.43138439833552,7.171215880893302,0.26016851744221725,0.03627955450837838,,,
cfg_67d0dec5615c5442,202608082,20,0.8,1.0,0.25,4,success,7.126504909324378,7.171215880893302,0.04471097156892423,0.00623478254058009,,,
cfg_67d0dec5615c5442,202608083,20,0.8,1.0,0.25,4,success,7.363860535592234,7.171215880893302,0.192644654698932,0.026863597177740336,,,
cfg_67d0dec5615c5442,202608084,20,0.8,1.0,0.25,4,success,7.113182791123735,7.171215880893302,0.05803308976956778,0.00809250352150028,,,
cfg_689af11389ad208c,202608080,20,0.0,0.1,0.0,4,success,0.008118311257821427,0.0,0.008118311257821427,,0.0,0.0,0.0
cfg_689af11389ad208c,202608081,20,0.0,0.1,0.0,4,success,0.003529595073316925,0.0,0.003529595073316925,,0.0,0.0,0.0
cfg_689af11389ad208c,202608082,20,0.0,0.1,0.0,4,success,0.0016848077269308501,0.0,0.0016848077269308501,,0.0,0.0,0.0
cfg_689af11389ad208c,202608083,20,0.0,0.1,0.0,4,success,0.0003625091470891498,0.0,0.0003625091470891498,,0.0,0.0,0.0
cfg_689af11389ad208c,202608084,20,0.0,0.1,0.0,4,success,0.004409882916441291,0.0,0.004409882916441291,,0.0,0.0,0.0
cfg_68a68dd3b393e6a4,202608080,2,0.4,4.0,0.25,4,success,0.2272620529754613,0.23472356935014554,0.007461516374684257,0.031788526373138296,,,
cfg_68a68dd3b393e6a4,202608081,2,0.4,4.0,0.25,4,success,0.22908201556375193,0.23472356935014554,0.0056415537863936105,0.024034884106495086,,,
cfg_68a68dd3b393e6a4,202608082,2,0.4,4.0,0.25,4,success,0.23990659627712796,0.23472356935014554,0.005183026926982415,0.022081408106276314,,,
cfg_68a68dd3b393e6a4,202608083,2,0.4,4.0,0.25,4,success,0.22553619017820623,0.23472356935014554,0.00918737917193932,0.03914127242260097,,,
cfg_68a68dd3b393e6a4,202608084,2,0.4,4.0,0.25,4,success,0.25023103198869834,0.23472356935014554,0.015507462638552794,0.06606691727416499,,,
cfg_69107b284375420c,202608080,5,-0.8,4.0,1.0,4,success,1.0,1.0,0.0,0.0,,,
cfg_69107b284375420c,202608081,5,-0.8,4.0,1.0,4,success,1.0,1.0,0.0,0.0,,,
cfg_69107b284375420c,202608082,5,-0.8,4.0,1.0,4,success,1.0,1.0,0.0,0.0,,,
cfg_69107b284375420c,202608083,5,-0.8,4.0,1.0,4,success,1.0,1.0,0.0,0.0,,,
cfg_69107b284375420c,202608084,5,-0.8,4.0,1.0,4,success,1.0,1.0,0.0,0.0,,,
cfg_69397f37179ba3a7,202608080,2,0.4,0.1,0.5,4,success,1.2363545685236177,1.2710765239948116,0.034721955471193944,0.02731696700845973,,,
cfg_69397f37179ba3a7,202608081,2,0.4,0.1,0.5,4,success,1.2592425729039418,1.2710765239948116,0.011833951090869821,0.009310179888837382,,,
cfg_69397f37179ba3a7,202608082,2,0.4,0.1,0.5,4,success,1.2647257474897744,1.2710765239948116,0.006350776505037237,0.004996376209575215,,,
cfg_69397f37179ba3a7,202608083,2,0.4,0.1,0.5,4,success,1.2375239567082221,1.2710765239948116,0.03355256728658951,0.026396968753020934,,,
cfg_69397f37179ba3a7,202608084,2,0.4,0.1,0.5,4,success,1.2876140663938407,1.2710765239948116,0.016537542399029048,0.013010658356787143,,,
cfg_6954c34199805dfe,202608080,5,-0.4,4.0,1.0,4,success,1.0,1.0,0.0,0.0,,,
cfg_6954c34199805dfe,202608081,5,-0.4,4.0,1.0,4,success,1.0,1.0,0.0,0.0,,,
cfg_6954c34199805dfe,202608082,5,-0.4,4.0,1.0,4,success,1.0,1.0,0.0,0.0,,,
cfg_6954c34199805dfe,202608083,5,-0.4,4.0,1.0,4,success,1.0,1.0,0.0,0.0,,,
cfg_6954c34199805dfe,202608084,5,-0.4,4.0,1.0,4,success,1.0,1.0,0.0,0.0,,,
cfg_6a84faff5055968d,202608080,2,-0.8,0.5,0.25,4,success,0.3202628400635742,0.3106180665610144,0.009644773502559767,0.03105026571487352,,,
cfg_6a84faff5055968d,202608081,2,-0.8,0.5,0.25,4,success,0.26558913316620814,0.3106180665610144,0.04502893339480629,0.14496559679654467,,,
cfg_6a84faff5055968d,202608082,2,-0.8,0.5,0.25,4,success,0.2928432918698211,0.3106180665610144,0.017774774691193318,0.0572238919905254,,,
cfg_6a84faff5055968d,202608083,2,-0.8,0.5,0.25,4,success,0.300717109254272,0.3106180665610144,0.009900957306742453,0.03187502071711472,,,
cfg_6a84faff5055968d,202608084,2,-0.8,0.5,0.25,4,success,0.3200167753458992,0.3106180665610144,0.009398708784884746,0.030258087975827918,,,
cfg_6a964a0914601cba,202608080,10,-0.8,1.0,0.0,4,success,4.682554199500124,4.705882352941177,0.02332815344105299,0.00495723260622376,6.400000000000001,1.6941176470588246,1.6941176470588246
cfg_6a964a0914601cba,202608081,10,-0.8,1.0,0.0,4,success,4.5403321895735544,4.705882352941177,0.16555016336762218,0.03517940971561971,6.400000000000001,1.6941176470588246,1.6941176470588246
cfg_6a964a0914601cba,202608082,10,-0.8,1.0,0.0,4,success,4.730512483041075,4.705882352941177,0.024630130099898118,0.00523390264622835,6.400000000000001,1.6941176470588246,1.6941176470588246
cfg_6a964a0914601cba,202608083,10,-0.8,1.0,0.0,4,success,4.8227472667011835,4.705882352941177,0.11686491376000685,0.024833794174001455,6.400000000000001,1.6941176470588246,1.6941176470588246
cfg_6a964a0914601cba,202608084,10,-0.8,1.0,0.0,4,success,4.714185950988447,4.705882352941177,0.0083035980472701,0.0017645145850448962,6.400000000000001,1.6941176470588246,1.6941176470588246
cfg_6d4aeaba6674be6b,202608080,5,0.4,0.1,0.75,4,success,1.2324169706184651,1.2542314035239996,0.02181443290553453,0.017392670000322723,,,
cfg_6d4aeaba6674be6b,202608081,5,0.4,0.1,0.75,4,success,1.272276022348703,1.2542314035239996,0.01804461882470343,0.01438699332037427,,,
cfg_6d4aeaba6674be6b,202608082,5,0.4,0.1,0.75,4,success,1.250748168863044,1.2542314035239996,0.003483234660955681,0.002777186610994491,,,
cfg_6d4aeaba6674be6b,202608083,5,0.4,0.1,0.75,4,success,1.2769890709688616,1.2542314035239996,0.022757667444861962,0.01814471187766468,,,
cfg_6d4aeaba6674be6b,202608084,5,0.4,0.1,0.75,4,success,1.2435345300396852,1.2542314035239996,0.010696873484314473,0.008528628333064848,,,
cfg_6d5343591784147b,202608080,5,0.4,1.0,0.0,4,success,0.42961805987937535,0.4347826086956523,0.005164548816276926,0.011878462277436927,0.8000000000000002,0.3652173913043479,0.3652173913043479
cfg_6d5343591784147b,202608081,5,0.4,1.0,0.0,4,success,0.4581156593669486,0.4347826086956523,0.023333050671296318,0.053666016543981516,0.8000000000000002,0.3652173913043479,0.3652173913043479
cfg_6d5343591784147b,202608082,5,0.4,1.0,0.0,4,success,0.45791489783699574,0.4347826086956523,0.023132289141343465,0.05320426502508996,0.8000000000000002,0.3652173913043479,0.3652173913043479
cfg_6d5343591784147b,202608083,5,0.4,1.0,0.0,4,success,0.41992501984636715,0.4347826086956523,0.01485758884928512,0.034172454353355766,0.8000000000000002,0.3652173913043479,0.3652173913043479
cfg_6d5343591784147b,202608084,5,0.4,1.0,0.0,4,success,0.424815548410614,0.4347826086956523,0.009967060285038298,0.02292423865558808,0.8000000000000002,0.3652173913043479,0.3652173913043479
cfg_6d604bee9b15a491,202608080,20,0.4,1.0,1.0,4,success,1.0,1.0,0.0,0.0,,,
cfg_6d604bee9b15a491,202608081,20,0.4,1.0,1.0,4,success,1.0,1.0,0.0,0.0,,,
cfg_6d604bee9b15a491,202608082,20,0.4,1.0,1.0,4,success,1.0,1.0,0.0,0.0,,,
cfg_6d604bee9b15a491,202608083,20,0.4,1.0,1.0,4,success,1.0,1.0,0.0,0.0,,,
cfg_6d604bee9b15a491,202608084,20,0.4,1.0,1.0,4,success,1.0,1.0,0.0,0.0,,,
cfg_6e68bd19a45ad40b,202608080,2,-0.4,0.5,0.0,4,success,0.23187101536080257,0.2253521126760564,0.0065189026847461695,0.02892763066356112,0.32000000000000006,0.09464788732394366,0.09464788732394366
cfg_6e68bd19a45ad40b,202608081,2,-0.4,0.5,0.0,4,success,0.22694211961107752,0.2253521126760564,0.001590006935021121,0.007055655774156223,0.32000000000000006,0.09464788732394366,0.09464788732394366
cfg_6e68bd19a45ad40b,202608082,2,-0.4,0.5,0.0,4,success,0.2044910409458441,0.2253521126760564,0.02086107173021229,0.092571005802817,0.32000000000000006,0.09464788732394366,0.09464788732394366
cfg_6e68bd19a45ad40b,202608083,2,-0.4,0.5,0.0,4,success,0.19800767140830064,0.2253521126760564,0.02734444126775576,0.12134095812566614,0.32000000000000006,0.09464788732394366,0.09464788732394366
cfg_6e68bd19a45ad40b,202608084,2,-0.4,0.5,0.0,4,success,0.24205700944162017,0.2253521126760564,0.016704896765563776,0.07412797939718924,0.32000000000000006,0.09464788732394366,0.09464788732394366
cfg_6ef34048e59fd1cf,202608080,20,-0.8,1.0,0.0,4,success,9.648606372959435,9.411764705882353,0.23684166707708165,0.025164427126939923,12.800000000000002,3.3882352941176492,3.3882352941176492
cfg_6ef34048e59fd1cf,202608081,20,-0.8,1.0,0.0,4,success,9.406509946965349,9.411764705882353,0.005254758917004665,0.0005583181349317456,12.800000000000002,3.3882352941176492,3.3882352941176492
cfg_6ef34048e59fd1cf,202608082,20,-0.8,1.0,0.0,4,success,9.559035892572215,9.411764705882353,0.14727118668986172,0.015647563585797806,12.800000000000002,3.3882352941176492,3.3882352941176492
cfg_6ef34048e59fd1cf,202608083,20,-0.8,1.0,0.0,4,success,9.464240656780367,9.411764705882353,0.052475950898013934,0.00557556978291398,12.800000000000002,3.3882352941176492,3.3882352941176492
cfg_6ef34048e59fd1cf,202608084,20,-0.8,1.0,0.0,4,success,9.904062576684932,9.411764705882353,0.49229787080257914,0.05230664877277403,12.800000000000002,3.3882352941176492,3.3882352941176492
cfg_6f397dc63ebfd994,202608080,20,-0.4,4.0,0.25,4,success,0.012162728290005783,0.013504388926401106,0.0013416606363953233,0.0993499701250735,,,
cfg_6f397dc63ebfd994,202608081,20,-0.4,4.0,0.25,4,success,0.015231694666426335,0.013504388926401106,0.0017273057400252288,0.12790699004886794,,,
cfg_6f397dc63ebfd994,202608082,20,-0.4,4.0,0.25,4,success,0.012764820867597204,0.013504388926401106,0.0007395680588039022,0.054765014754428853,,,
cfg_6f397dc63ebfd994,202608083,20,-0.4,4.0,0.25,4,success,0.013628890900091263,0.013504388926401106,0.0001245019736901571,0.009219371151756115,,,
cfg_6f397dc63ebfd994,202608084,20,-0.4,4.0,0.25,4,success,0.011820618474009763,0.013504388926401106,0.0016837704523913425,0.12468320199957868,,,
cfg_708f124e89af9602,202608080,5,-0.4,0.1,0.0,4,success,0.7772887765128395,0.7380073800738008,0.03928139643903861,0.053226292174897306,0.8000000000000002,0.06199261992619931,0.06199261992619931
cfg_708f124e89af9602,202608081,5,-0.4,0.1,0.0,4,success,0.8230164775020341,0.7380073800738008,0.08500909742823326,0.11518732701525605,0.8000000000000002,0.06199261992619931,0.06199261992619931
cfg_708f124e89af9602,202608082,5,-0.4,0.1,0.0,4,success,0.9306211547298703,0.7380073800738008,0.19261377465606944,0.26099166465897405,0.8000000000000002,0.06199261992619931,0.06199261992619931
cfg_708f124e89af9602,202608083,5,-0.4,0.1,0.0,4,success,0.7430265530199763,0.7380073800738008,0.0050191729461754875,0.006800979342067784,0.8000000000000002,0.06199261992619931,0.06199261992619931
cfg_708f124e89af9602,202608084,5,-0.4,0.1,0.0,4,success,0.7009099353630579,0.7380073800738008,0.037097444710742944,0.05026703758305668,0.8000000000000002,0.06199261992619931,0.06199261992619931
cfg_70ce07dbbb394110,202608080,10,0.8,0.5,0.5,4,success,2.8870191949176682,2.8980322003577816,0.01101300544011341,0.003800166691989751,,,
cfg_70ce07dbbb394110,202608081,10,0.8,0.5,0.5,4,success,2.8160517188761527,2.8980322003577816,0.08198048148162895,0.02828832663471024,,,
cfg_70ce07dbbb394110,202608082,10,0.8,0.5,0.5,4,success,2.8887575374718018,2.8980322003577816,0.00927466288597989,0.003200331205717752,,,
cfg_70ce07dbbb394110,202608083,10,0.8,0.5,0.5,4,success,2.8527151394875925,2.8980322003577816,0.04531706087018916,0.015637183349651692,,,
cfg_70ce07dbbb394110,202608084,10,0.8,0.5,0.5,4,success,2.8230331350358933,2.8980322003577816,0.07499906532188838,0.02587930710798494,,,
cfg_717ca3716be399fa,202608080,10,0.8,0.5,0.75,4,success,1.5847404742824411,1.5836806317174819,0.001059842564959279,0.0006692274589542041,,,
cfg_717ca3716be399fa,202608081,10,0.8,0.5,0.75,4,success,1.5909433081975568,1.5836806317174819,0.007262676480074948,0.004585947655493309,,,
cfg_717ca3716be399fa,202608082,10,0.8,0.5,0.75,4,success,1.588580554775586,1.5836806317174819,0.004899923058104161,0.0030940095875203423,,,
cfg_717ca3716be399fa,202608083,10,0.8,0.5,0.75,4,success,1.578720853023674,1.5836806317174819,0.004959778693807815,0.003131804856657871,,,
cfg_717ca3716be399fa,202608084,10,0.8,0.5,0.75,4,success,1.5961664074820432,1.5836806317174819,0.012485775764561335,0.007884023782636444,,,
cfg_71c976469985995f,202608080,5,0.8,0.5,0.75,4,success,1.5640721495997514,1.5634473798181032,0.0006247697816481601,0.0003996103672647096,,,
cfg_71c976469985995f,202608081,5,0.8,0.5,0.75,4,success,1.5723933358858853,1.5634473798181032,0.008945956067782035,0.005721942537537041,,,
cfg_71c976469985995f,202608082,5,0.8,0.5,0.75,4,success,1.5813916189636814,1.5634473798181032,0.01794423914557819,0.011477354068459844,,,
cfg_71c976469985995f,202608083,5,0.8,0.5,0.75,4,success,1.5481773256083842,1.5634473798181032,0.015270054209719053,0.009766912789540524,,,
cfg_71c976469985995f,202608084,5,0.8,0.5,0.75,4,success,1.5693652837843113,1.5634473798181032,0.00591790396620806,0.0037851635063641024,,,
cfg_71f8abff1e2a39ab,202608080,10,0.8,0.1,0.5,4,success,2.8056251367342195,2.9358463211308443,0.13022118439662478,0.044355586142010836,,,
cfg_71f8abff1e2a39ab,202608081,10,0.8,0.1,0.5,4,success,3.170252392957747,2.9358463211308443,0.23440607182690254,0.07984275952721286,,,
cfg_71f8abff1e2a39ab,202608082,10,0.8,0.1,0.5,4,success,2.990555140326623,2.9358463211308443,0.054708819195778524,0.018634769402611478,,,
cfg_71f8abff1e2a39ab,202608083,10,0.8,0.1,0.5,4,success,2.9084349310363344,2.9358463211308443,0.02741139009450988,0.00933679324330281,,,
cfg_71f8abff1e2a39ab,202608084,10,0.8,0.1,0.5,4,success,2.9037338522710665,2.9358463211308443,0.03211246885977781,0.010938061923966295,,,
cfg_7205647eb8e7f0c2,202608080,20,0.4,1.0,0.25,4,success,2.6472242789865703,2.6477024070021886,0.00047812801561830653,0.00018058223399798848,,,
cfg_7205647eb8e7f0c2,202608081,20,0.4,1.0,0.25,4,success,2.6385261419798023,2.6477024070021886,0.009176265022386332,0.0034657463762235974,,,
cfg_7205647eb8e7f0c2,202608082,20,0.4,1.0,0.25,4,success,2.6338984982904483,2.6477024070021886,0.01380390871174031,0.005213542381211009,,,
cfg_7205647eb8e7f0c2,202608083,20,0.4,1.0,0.25,4,success,2.684214575792232,2.6477024070021886,0.036512168790043376,0.013790133171115554,,,
cfg_7205647eb8e7f0c2,202608084,20,0.4,1.0,0.25,4,success,2.636933841083698,2.6477024070021886,0.010768565918490403,0.00406713605351249,,,
cfg_729688adac506557,202608080,20,0.4,0.5,0.5,4,success,1.8114175434507267,1.8300653594771241,0.018647816026397424,0.010189699471567164,,,
cfg_729688adac506557,202608081,20,0.4,0.5,0.5,4,success,1.8396487658085703,1.8300653594771241,0.009583406331446165,0.005236647031111655,,,
cfg_729688adac506557,202608082,20,0.4,0.5,0.5,4,success,1.801691853813164,1.8300653594771241,0.02837350566396002,0.015504094166378154,,,
cfg_729688adac506557,202608083,20,0.4,0.5,0.5,4,success,1.7897251351870782,1.8300653594771241,0.04034022429004591,0.022043051129917945,,,
cfg_729688adac506557,202608084,20,0.4,0.5,0.5,4,success,1.8068540027624986,1.8300653594771241,0.023211356714625486,0.012683348490491783,,,
cfg_735e849caffeeded,202608080,5,0.0,0.1,0.0,4,success,0.005860964612813065,0.0,0.005860964612813065,,0.0,0.0,0.0
cfg_735e849caffeeded,202608081,5,0.0,0.1,0.0,4,success,0.0075246469355152975,0.0,0.0075246469355152975,,0.0,0.0,0.0
cfg_735e849caffeeded,202608082,5,0.0,0.1,0.0,4,success,0.001774329873627786,0.0,0.001774329873627786,,0.0,0.0,0.0
cfg_735e849caffeeded,202608083,5,0.0,0.1,0.0,4,success,0.0022027883488581366,0.0,0.0022027883488581366,,0.0,0.0,0.0
cfg_735e849caffeeded,202608084,5,0.0,0.1,0.0,4,success,0.0022076131058538927,0.0,0.0022076131058538927,,0.0,0.0,0.0
cfg_737701949e2cb74e,202608080,10,-0.4,4.0,0.0,4,success,0.35990111830695587,0.3669724770642202,0.007071358757264334,0.01926945261354531,1.6000000000000003,1.23302752293578,1.23302752293578
cfg_737701949e2cb74e,202608081,10,-0.4,4.0,0.0,4,success,0.36993432831470385,0.3669724770642202,0.002961851250483649,0.008071044657567944,1.6000000000000003,1.23302752293578,1.23302752293578
cfg_737701949e2cb74e,202608082,10,-0.4,4.0,0.0,4,success,0.39264284204295213,0.3669724770642202,0.02567036497873193,0.0699517445670445,1.6000000000000003,1.23302752293578,1.23302752293578
cfg_737701949e2cb74e,202608083,10,-0.4,4.0,0.0,4,success,0.37018433245133686,0.3669724770642202,0.0032118553871166577,0.008752305929892892,1.6000000000000003,1.23302752293578,1.23302752293578
cfg_737701949e2cb74e,202608084,10,-0.4,4.0,0.0,4,success,0.3644600459793926,0.3669724770642202,0.0025124310848276266,0.006846374706155282,1.6000000000000003,1.23302752293578,1.23302752293578
cfg_73a4e3e2a2c473da,202608080,20,0.4,4.0,0.25,4,success,1.6102456623612698,1.6340310600945311,0.023785397733261382,0.01455627026568599,,,
cfg_73a4e3e2a2c473da,202608081,20,0.4,4.0,0.25,4,success,1.648670646003325,1.6340310600945311,0.014639585908793773,0.008959184599555196,,,
cfg_73a4e3e2a2c473da,202608082,20,0.4,4.0,0.25,4,success,1.626910312491383,1.6340310600945311,0.00712074760314807,0.004357779834819128,,,
cfg_73a4e3e2a2c473da,202608083,20,0.4,4.0,0.25,4,success,1.6189162693909787,1.6340310600945311,0.015114790703552483,0.00925000207932282,,,
cfg_73a4e3e2a2c473da,202608084,20,0.4,4.0,0.25,4,success,1.629276459977423,1.6340310600945311,0.004754600117108154,0.002909736683238502,,,
cfg_7801cd967b35c7af,202608080,20,-0.4,1.0,1.0,4,success,1.0,1.0,0.0,0.0,,,
cfg_7801cd967b35c7af,202608081,20,-0.4,1.0,1.0,4,success,1.0,1.0,0.0,0.0,,,
cfg_7801cd967b35c7af,202608082,20,-0.4,1.0,1.0,4,success,1.0,1.0,0.0,0.0,,,
cfg_7801cd967b35c7af,202608083,20,-0.4,1.0,1.0,4,success,1.0,1.0,0.0,0.0,,,
cfg_7801cd967b35c7af,202608084,20,-0.4,1.0,1.0,4,success,1.0,1.0,0.0,0.0,,,
cfg_7919bd152a8d824c,202608080,20,0.8,4.0,0.25,4,success,5.4737650725205285,5.510009532888467,0.03624446036793838,0.006577930610028954,,,
cfg_7919bd152a8d824c,202608081,20,0.8,4.0,0.25,4,success,5.592782198746704,5.510009532888467,0.08277266585823728,0.015022236416140292,,,
cfg_7919bd152a8d824c,202608082,20,0.8,4.0,0.25,4,success,5.508886395582119,5.510009532888467,0.0011231373063482764,0.00020383581909331168,,,
cfg_7919bd152a8d824c,202608083,20,0.8,4.0,0.25,4,success,5.449186506829852,5.510009532888467,0.06082302605861489,0.011038642618596368,,,
cfg_7919bd152a8d824c,202608084,20,0.8,4.0,0.25,4,success,5.5773946395949325,5.510009532888467,0.06738510670646569,0.012229580784616348,,,
cfg_79561f62c356e795,202608080,5,0.8,0.1,1.0,4,success,1.0,1.0,0.0,0.0,,,
cfg_79561f62c356e795,202608081,5,0.8,0.1,1.0,4,success,1.0,1.0,0.0,0.0,,,
cfg_79561f62c356e795,202608082,5,0.8,0.1,1.0,4,success,1.0,1.0,0.0,0.0,,,
cfg_79561f62c356e795,202608083,5,0.8,0.1,1.0,4,success,1.0,1.0,0.0,0.0,,,
cfg_79561f62c356e795,202608084,5,0.8,0.1,1.0,4,success,1.0,1.0,0.0,0.0,,,
cfg_796d3025018e4f17,202608080,2,-0.4,4.0,0.75,4,success,0.6069902567883794,0.6046511627906977,0.0023390939976816183,0.0038685016115503684,,,
cfg_796d3025018e4f17,202608081,2,-0.4,4.0,0.75,4,success,0.6041680434691088,0.6046511627906977,0.000483119321588954,0.0007990050318586546,,,
cfg_796d3025018e4f17,202608082,2,-0.4,4.0,0.75,4,success,0.6003044601463586,0.6046511627906977,0.004346702644339118,0.007188777450253155,,,
cfg_796d3025018e4f17,202608083,2,-0.4,4.0,0.75,4,success,0.6096059364787114,0.6046511627906977,0.0049547736880136695,0.008194433407099529,,,
cfg_796d3025018e4f17,202608084,2,-0.4,4.0,0.75,4,success,0.6018340286831856,0.6046511627906977,0.0028171341075121648,0.00465910640857781,,,
cfg_799a280ad918e121,202608080,2,0.0,4.0,0.0,4,success,2.8217219730067052e-05,0.0,2.8217219730067052e-05,,0.0,0.0,0.0
cfg_799a280ad918e121,202608081,2,0.0,4.0,0.0,4,success,4.340522988408609e-05,0.0,4.340522988408609e-05,,0.0,0.0,0.0
cfg_799a280ad918e121,202608082,2,0.0,4.0,0.0,4,success,8.68184611212203e-05,0.0,8.68184611212203e-05,,0.0,0.0,0.0
cfg_799a280ad918e121,202608083,2,0.0,4.0,0.0,4,success,0.0002853767226515723,0.0,0.0002853767226515723,,0.0,0.0,0.0
cfg_799a280ad918e121,202608084,2,0.0,4.0,0.0,4,success,0.00011488411141120999,0.0,0.00011488411141120999,,0.0,0.0,0.0
cfg_7a2f62c30639303c,202608080,2,0.8,0.5,0.75,4,success,1.4957694222024414,1.505735140771637,0.009965718569195703,0.006618506999902133,,,
cfg_7a2f62c30639303c,202608081,2,0.8,0.5,0.75,4,success,1.5053975656444165,1.505735140771637,0.0003375751272205463,0.00022419289958760657,,,
cfg_7a2f62c30639303c,202608082,2,0.8,0.5,0.75,4,success,1.4940320687411401,1.505735140771637,0.01170307203049692,0.007772331078425586,,,
cfg_7a2f62c30639303c,202608083,2,0.8,0.5,0.75,4,success,1.4891221828404138,1.505735140771637,0.016612957931223304,0.01103312095293847,,,
cfg_7a2f62c30639303c,202608084,2,0.8,0.5,0.75,4,success,1.484006221419608,1.505735140771637,0.02172891935202914,0.014430771231714644,,,
cfg_7abd4f6635219b66,202608080,10,0.0,0.5,0.25,4,success,0.4376268979167563,0.425531914893617,0.012094983023139272,0.02842321010437729,,,
cfg_7abd4f6635219b66,202608081,10,0.0,0.5,0.25,4,success,0.4346411678385516,0.425531914893617,0.009109252944934587,0.02140674442059628,,,
cfg_7abd4f6635219b66,202608082,10,0.0,0.5,0.25,4,success,0.45721735944725334,0.425531914893617,0.03168544455363631,0.07446079470104533,,,
cfg_7abd4f6635219b66,202608083,10,0.0,0.5,0.25,4,success,0.4411118241079011,0.425531914893617,0.015579909214284093,0.03661278665356762,,,
cfg_7abd4f6635219b66,202608084,10,0.0,0.5,0.25,4,success,0.42600945515871924,0.425531914893617,0.0004775402651022165,0.0011222196229902087,,,
cfg_7ad3ccd3efbffaeb,202608080,5,-0.8,0.5,0.0,4,success,2.603080198999335,2.711864406779662,0.10878420778032671,0.04011417661899547,3.2000000000000006,0.48813559322033884,0.48813559322033884
cfg_7ad3ccd3efbffaeb,202608081,5,-0.8,0.5,0.0,4,success,2.649739703339383,2.711864406779662,0.06212470344027876,0.022908484393602786,3.2000000000000006,0.48813559322033884,0.48813559322033884
cfg_7ad3ccd3efbffaeb,202608082,5,-0.8,0.5,0.0,4,success,2.6371355114747685,2.711864406779662,0.07472889530489324,0.027556280143679373,3.2000000000000006,0.48813559322033884,0.48813559322033884
cfg_7ad3ccd3efbffaeb,202608083,5,-0.8,0.5,0.0,4,success,2.8293690607880007,2.711864406779662,0.11750465400833887,0.043329841165574944,3.2000000000000006,0.48813559322033884,0.48813559322033884
cfg_7ad3ccd3efbffaeb,202608084,5,-0.8,0.5,0.0,4,success,2.5976520647963723,2.711864406779662,0.11421234198328944,0.04211580110633797,3.2000000000000006,0.48813559322033884,0.48813559322033884
cfg_7b1837e39724511d,202608080,2,0.4,1.0,0.0,4,success,0.16659636831243682,0.17391304347826092,0.007316675165824099,0.042070882203488556,0.32000000000000006,0.14608695652173914,0.14608695652173914
cfg_7b1837e39724511d,202608081,2,0.4,1.0,0.0,4,success,0.1715913851776611,0.17391304347826092,0.002321658300599827,0.013349535228449002,0.32000000000000006,0.14608695652173914,0.14608695652173914
cfg_7b1837e39724511d,202608082,2,0.4,1.0,0.0,4,success,0.18755138704501445,0.17391304347826092,0.01363834356675353,0.07842047550883277,0.32000000000000006,0.14608695652173914,0.14608695652173914
cfg_7b1837e39724511d,202608083,2,0.4,1.0,0.0,4,success,0.17224064136254788,0.17391304347826092,0.0016724021157130398,0.009616312165349975,0.32000000000000006,0.14608695652173914,0.14608695652173914
cfg_7b1837e39724511d,202608084,2,0.4,1.0,0.0,4,success,0.18127532281881295,0.17391304347826092,0.00736227934055203,0.04233310620817416,0.32000000000000006,0.14608695652173914,0.14608695652173914
cfg_7bd30c59ce382bab,202608080,20,0.0,0.5,0.25,4,success,0.5752907521317121,0.5970149253731343,0.021724173241422173,0.03638799017938214,,,
cfg_7bd30c59ce382bab,202608081,20,0.0,0.5,0.25,4,success,0.589580612583471,0.5970149253731343,0.007434312789663222,0.012452473922685899,,,
cfg_7bd30c59ce382bab,202608082,20,0.0,0.5,0.25,4,success,0.6381325683726999,0.5970149253731343,0.04111764299956566,0.06887205202427249,,,
cfg_7bd30c59ce382bab,202608083,20,0.0,0.5,0.25,4,success,0.6129837373402607,0.5970149253731343,0.015968811967126406,0.026747760044936734,,,
cfg_7bd30c59ce382bab,202608084,20,0.0,0.5,0.25,4,success,0.6045220866046782,0.5970149253731343,0.007507161231543935,0.012574495062836092,,,
cfg_7ceca8e291499420,202608080,10,-0.4,0.5,0.5,4,success,0.30430232364311266,0.31523642732049034,0.010934103677377682,0.034685406665459204,,,
cfg_7ceca8e291499420,202608081,10,-0.4,0.5,0.5,4,success,0.30750609986074035,0.31523642732049034,0.007730327459749997,0.024522316552873603,,,
cfg_7ceca8e291499420,202608082,10,-0.4,0.5,0.5,4,success,0.31800181876983874,0.31523642732049034,0.0027653914493483978,0.008772436208766306,,,
cfg_7ceca8e291499420,202608083,10,-0.4,0.5,0.5,4,success,0.31859122051954175,0.31523642732049034,0.003354793199051409,0.01064214953699086,,,
cfg_7ceca8e291499420,202608084,10,-0.4,0.5,0.5,4,success,0.3242455849822031,0.31523642732049034,0.009009157661712786,0.028579050137988893,,,
cfg_7cf4a7c0e7aa25f4,202608080,10,0.4,4.0,0.5,4,success,1.3563157238582872,1.364902506963788,0.00858678310550065,0.006291132928315785,,,
cfg_7cf4a7c0e7aa25f4,202608081,10,0.4,4.0,0.5,4,success,1.3739945338201123,1.364902506963788,0.009092026856324376,0.00666130130902133,,,
cfg_7cf4a7c0e7aa25f4,202608082,10,0.4,4.0,0.5,4,success,1.3742612386235735,1.364902506963788,0.009358731659785624,0.00685670339972049,,,
cfg_7cf4a7c0e7aa25f4,202608083,10,0.4,4.0,0.5,4,success,1.3701463706679746,1.364902506963788,0.005243863704186724,0.003841932795516397,,,
cfg_7cf4a7c0e7aa25f4,202608084,10,0.4,4.0,0.5,4,success,1.36864394378955,1.364902506963788,0.003741436825762001,0.002741175143772569,,,
cfg_7d91cc9cba9b82b2,202608080,20,0.4,1.0,0.5,4,success,1.798547808832076,1.7948717948717945,0.00367601396028161,0.002048064920728326,,,
cfg_7d91cc9cba9b82b2,202608081,20,0.4,1.0,0.5,4,success,1.811023713029691,1.7948717948717945,0.016151918157896406,0.008998925830828,,,
cfg_7d91cc9cba9b82b2,202608082,20,0.4,1.0,0.5,4,success,1.794098445660783,1.7948717948717945,0.0007733492110115758,0.0004308659889921638,,,
cfg_7d91cc9cba9b82b2,202608083,20,0.4,1.0,0.5,4,success,1.7840049335308066,1.7948717948717945,0.01086686134098791,0.006054394175693266,,,
cfg_7d91cc9cba9b82b2,202608084,20,0.4,1.0,0.5,4,success,1.822558451995309,1.7948717948717945,0.02768665712351459,0.015425423254529561,,,
cfg_7e750f2f2737bff3,202608080,10,0.4,0.5,0.25,4,success,2.1510100643251717,2.1246707638279196,0.026339300497252083,0.012396885647260379,,,
cfg_7e750f2f2737bff3,202608081,10,0.4,0.5,0.25,4,success,2.1463523450768403,2.1246707638279196,0.02168158124892061,0.010204678116744038,,,
cfg_7e750f2f2737bff3,202608082,10,0.4,0.5,0.25,4,success,2.105480145103985,2.1246707638279196,0.019190618723934794,0.009032278812628813,,,
cfg_7e750f2f2737bff3,202608083,10,0.4,0.5,0.25,4,success,2.067143740400947,2.1246707638279196,0.05752702342697269,0.027075735406331358,,,
cfg_7e750f2f2737bff3,202608084,10,0.4,0.5,0.25,4,success,2.217766336701994,2.1246707638279196,0.09309557287407433,0.04381647004279778,,,
cfg_7f85987451be7334,202608080,5,0.4,4.0,1.0,4,success,1.0,1.0,0.0,0.0,,,
cfg_7f85987451be7334,202608081,5,0.4,4.0,1.0,4,success,1.0,1.0,0.0,0.0,,,
cfg_7f85987451be7334,202608082,5,0.4,4.0,1.0,4,success,1.0,1.0,0.0,0.0,,,
cfg_7f85987451be7334,202608083,5,0.4,4.0,1.0,4,success,1.0,1.0,0.0,0.0,,,
cfg_7f85987451be7334,202608084,5,0.4,4.0,1.0,4,success,1.0,1.0,0.0,0.0,,,
cfg_7fce55ffe5eacc44,202608080,20,-0.4,0.5,0.5,4,success,0.35013402473239624,0.33613445378151263,0.01399957095088361,0.04164872357887874,,,
cfg_7fce55ffe5eacc44,202608081,20,-0.4,0.5,0.5,4,success,0.33864046598428144,0.33613445378151263,0.0025060122027688037,0.00745538630323719,,,
cfg_7fce55ffe5eacc44,202608082,20,-0.4,0.5,0.5,4,success,0.3321965640667639,0.33613445378151263,0.003937889714748732,0.011715221901377477,,,
cfg_7fce55ffe5eacc44,202608083,20,-0.4,0.5,0.5,4,success,0.3338021725484341,0.33613445378151263,0.002332281233078548,0.00693853666840868,,,
cfg_7fce55ffe5eacc44,202608084,20,-0.4,0.5,0.5,4,success,0.33665241876222385,0.33613445378151263,0.0005179649807112163,0.0015409458176158684,,,
cfg_80317074cb8c88bc,202608080,2,-0.8,4.0,0.25,4,success,0.17434422662723711,0.16360601001669461,0.0107382166105425,0.0656346096909689,,,
cfg_80317074cb8c88bc,202608081,2,-0.8,4.0,0.25,4,success,0.16681267983027293,0.16360601001669461,0.003206669813578311,0.019599951207483743,,,
cfg_80317074cb8c88bc,202608082,2,-0.8,4.0,0.25,4,success,0.152643784622451,0.16360601001669461,0.010962225394243602,0.06700380623624401,,,
cfg_80317074cb8c88bc,202608083,2,-0.8,4.0,0.25,4,success,0.1699060388094247,0.16360601001669461,0.006300028792730089,0.03850731884536041,,,
cfg_80317074cb8c88bc,202608084,2,-0.8,4.0,0.25,4,success,0.16220243087206004,0.16360601001669461,0.0014035791446345702,0.00857901946567456,,,
cfg_8172bf3793c845d9,202608080,2,0.4,4.0,0.75,4,success,1.0070717291624558,1.033989266547406,0.026917537384950174,0.026032704841154237,,,
cfg_8172bf3793c845d9,202608081,2,0.4,4.0,0.75,4,success,1.0294216831256917,1.033989266547406,0.004567583421714261,0.004417437945913966,,,
cfg_8172bf3793c845d9,202608082,2,0.4,4.0,0.75,4,success,1.0363353985074928,1.033989266547406,0.002346131960086817,0.0022690099752396727,,,
cfg_8172bf3793c845d9,202608083,2,0.4,4.0,0.75,4,success,1.0415740431349612,1.033989266547406,0.0075847765875551865,0.007335450021528286,,,
cfg_8172bf3793c845d9,202608084,2,0.4,4.0,0.75,4,success,1.0096951572060877,1.033989266547406,0.02429410934131826,0.023495514051551744,,,
cfg_81bfc70c2e602732,202608080,20,-0.8,4.0,1.0,4,success,1.0,1.0,0.0,0.0,,,
cfg_81bfc70c2e602732,202608081,20,-0.8,4.0,1.0,4,success,1.0,1.0,0.0,0.0,,,
cfg_81bfc70c2e602732,202608082,20,-0.8,4.0,1.0,4,success,1.0,1.0,0.0,0.0,,,
cfg_81bfc70c2e602732,202608083,20,-0.8,4.0,1.0,4,success,1.0,1.0,0.0,0.0,,,
cfg_81bfc70c2e602732,202608084,20,-0.8,4.0,1.0,4,success,1.0,1.0,0.0,0.0,,,
cfg_81d698383ea077b0,202608080,20,0.4,0.5,0.75,4,success,1.280385438693668,1.2743909161062723,0.005994522587395634,0.004703833424763479,,,
cfg_81d698383ea077b0,202608081,20,0.4,0.5,0.75,4,success,1.2785832538809503,1.2743909161062723,0.004192337774677979,0.0032896795808048406,,,
cfg_81d698383ea077b0,202608082,20,0.4,0.5,0.75,4,success,1.2753349677931676,1.2743909161062723,0.0009440516868952642,0.0007407865788777633,,,
cfg_81d698383ea077b0,202608083,20,0.4,0.5,0.75,4,success,1.2748696139063986,1.2743909161062723,0.00047869780012632646,0.0003756286976596807,,,
cfg_81d698383ea077b0,202608084,20,0.4,0.5,0.75,4,success,1.2697171309647346,1.2743909161062723,0.004673785141537712,0.003667465832083789,,,
cfg_83bb0c75f347c3d3,202608080,5,0.4,4.0,0.25,4,success,0.5539862575587813,0.5470162748643763,0.006969982694404964,0.012741819603325433,,,
cfg_83bb0c75f347c3d3,202608081,5,0.4,4.0,0.25,4,success,0.5381167234501534,0.5470162748643763,0.00889955141422294,0.01626926258533978,,,
cfg_83bb0c75f347c3d3,202608082,5,0.4,4.0,0.25,4,success,0.5510519651078882,0.5470162748643763,0.0040356902435119135,0.007377641998882934,,,
cfg_83bb0c75f347c3d3,202608083,5,0.4,4.0,0.25,4,success,0.5556002300850715,0.5470162748643763,0.008583955220695216,0.015692321444775052,,,
cfg_83bb0c75f347c3d3,202608084,5,0.4,4.0,0.25,4,success,0.5532832273672639,0.5470162748643763,0.006266952502887557,0.011456610691229151,,,
cfg_8496fcaf0a62896b,202608080,5,-0.8,0.1,1.0,4,success,1.0,1.0,0.0,0.0,,,
cfg_8496fcaf0a62896b,202608081,5,-0.8,0.1,1.0,4,success,1.0,1.0,0.0,0.0,,,
cfg_8496fcaf0a62896b,202608082,5,-0.8,0.1,1.0,4,success,1.0,1.0,0.0,0.0,,,
cfg_8496fcaf0a62896b,202608083,5,-0.8,0.1,1.0,4,success,1.0,1.0,0.0,0.0,,,
cfg_8496fcaf0a62896b,202608084,5,-0.8,0.1,1.0,4,success,1.0,1.0,0.0,0.0,,,
cfg_84e33c9371d2f797,202608080,2,-0.4,4.0,1.0,4,success,1.0,1.0,0.0,0.0,,,
cfg_84e33c9371d2f797,202608081,2,-0.4,4.0,1.0,4,success,1.0,1.0,0.0,0.0,,,
cfg_84e33c9371d2f797,202608082,2,-0.4,4.0,1.0,4,success,1.0,1.0,0.0,0.0,,,
cfg_84e33c9371d2f797,202608083,2,-0.4,4.0,1.0,4,success,1.0,1.0,0.0,0.0,,,
cfg_84e33c9371d2f797,202608084,2,-0.4,4.0,1.0,4,success,1.0,1.0,0.0,0.0,,,
cfg_858fa3ee5a061106,202608080,2,0.4,0.5,0.0,4,success,0.23051066225563113,0.2253521126760564,0.005158549579574734,0.022891063759362874,0.32000000000000006,0.09464788732394366,0.09464788732394366
cfg_858fa3ee5a061106,202608081,2,0.4,0.5,0.0,4,success,0.24048950781664216,0.2253521126760564,0.015137395140585763,0.06717219093634931,0.32000000000000006,0.09464788732394366,0.09464788732394366
cfg_858fa3ee5a061106,202608082,2,0.4,0.5,0.0,4,success,0.21735782787186392,0.2253521126760564,0.00799428480419248,0.035474638818604125,0.32000000000000006,0.09464788732394366,0.09464788732394366
cfg_858fa3ee5a061106,202608083,2,0.4,0.5,0.0,4,success,0.19715758720614857,0.2253521126760564,0.028194525469907833,0.12511320677271598,0.32000000000000006,0.09464788732394366,0.09464788732394366
cfg_858fa3ee5a061106,202608084,2,0.4,0.5,0.0,4,success,0.23692340225826197,0.2253521126760564,0.011571289582205574,0.05134759752103722,0.32000000000000006,0.09464788732394366,0.09464788732394366
cfg_85b6c471e4a6fff4,202608080,20,-0.8,0.1,0.5,4,success,0.05291800054590742,0.038030043734550274,0.014887956811357149,0.39147882435463643,,,
cfg_85b6c471e4a6fff4,202608081,20,-0.8,0.1,0.5,4,success,0.04797155141060297,0.038030043734550274,0.009941507676052695,0.26141194434180576,,,
cfg_85b6c471e4a6fff4,202608082,20,-0.8,0.1,0.5,4,success,0.03318017111207494,0.038030043734550274,0.004849872622475333,0.12752740060798895,,,
cfg_85b6c471e4a6fff4,202608083,20,-0.8,0.1,0.5,4,success,0.03422041797908371,0.038030043734550274,0.0038096257554665613,0.10017410923999329,,,
cfg_85b6c471e4a6fff4,202608084,20,-0.8,0.1,0.5,4,success,0.05140194270720089,0.038030043734550274,0.013371898972650613,0.35161408348584805,,,
cfg_879e555fe7bf15b4,202608080,20,0.4,0.1,0.75,4,success,1.2791881354777608,1.2767555388659404,0.0024325966118203812,0.0019052955227287284,,,
cfg_879e555fe7bf15b4,202608081,20,0.4,0.1,0.75,4,success,1.2870231498575455,1.2767555388659404,0.010267610991605114,0.008041955314895419,,,
cfg_879e555fe7bf15b4,202608082,20,0.4,0.1,0.75,4,success,1.267981628668599,1.2767555388659404,0.008773910197341417,0.006872036133976528,,,
cfg_879e555fe7bf15b4,202608083,20,0.4,0.1,0.75,4,success,1.2887098747969963,1.2767555388659404,0.011954335931055882,0.009363057818941712,,,
cfg_879e555fe7bf15b4,202608084,20,0.4,0.1,0.75,4,success,1.2703893114641094,1.2767555388659404,0.006366227401831015,0.00498625399149294,,,
cfg_882033f42bd36a2f,202608080,5,-0.8,1.0,0.75,4,success,0.5219036528993222,0.5220017256255394,9.807272621720209e-05,0.00018787816476981354,,,
cfg_882033f42bd36a2f,202608081,5,-0.8,1.0,0.75,4,success,0.5238730048582863,0.5220017256255394,0.0018712792327468808,0.0035848142657084864,,,
cfg_882033f42bd36a2f,202608082,5,-0.8,1.0,0.75,4,success,0.5195044944184202,0.5220017256255394,0.0024972312071191993,0.004783952014960581,,,
cfg_882033f42bd36a2f,202608083,5,-0.8,1.0,0.75,4,success,0.5270985048691768,0.5220017256255394,0.005096779243637384,0.009763912633678887,,,
cfg_882033f42bd36a2f,202608084,5,-0.8,1.0,0.75,4,success,0.5274050950855464,0.5220017256255394,0.005403369460007079,0.010351248271319344,,,
cfg_897e5e1e4ae185c9,202608080,2,0.8,1.0,0.0,4,success,0.9584402380814339,0.9411764705882356,0.017263767493198245,0.01834275296152313,1.2800000000000002,0.33882352941176463,0.33882352941176463
cfg_897e5e1e4ae185c9,202608081,2,0.8,1.0,0.0,4,success,0.9180771798532872,0.9411764705882356,0.02309929073494843,0.0245429964058827,1.2800000000000002,0.33882352941176463,0.33882352941176463
cfg_897e5e1e4ae185c9,202608082,2,0.8,1.0,0.0,4,success,0.9472174920356758,0.9411764705882356,0.006041021447440231,0.006418585287905243,1.2800000000000002,0.33882352941176463,0.33882352941176463
cfg_897e5e1e4ae185c9,202608083,2,0.8,1.0,0.0,4,success,0.9358494156912462,0.9411764705882356,0.005327054896989369,0.005659995828051203,1.2800000000000002,0.33882352941176463,0.33882352941176463
cfg_897e5e1e4ae185c9,202608084,2,0.8,1.0,0.0,4,success,0.90207638347471,0.9411764705882356,0.03910008711352564,0.04154384255812098,1.2800000000000002,0.33882352941176463,0.33882352941176463
cfg_89b00914c6e6ffef,202608080,2,0.4,0.5,0.75,4,success,1.2027531493229282,1.1905252317198762,0.012227917603051974,0.010271027675227914,,,
cfg_89b00914c6e6ffef,202608081,2,0.4,0.5,0.75,4,success,1.2080123637937088,1.1905252317198762,0.017487132073832568,0.01468858585094414,,,
cfg_89b00914c6e6ffef,202608082,2,0.4,0.5,0.75,4,success,1.1679534256423736,1.1905252317198762,0.022571806077502643,0.01895953607375006,,,
cfg_89b00914c6e6ffef,202608083,2,0.4,0.5,0.75,4,success,1.197043543076003,1.1905252317198762,0.0065183113561266826,0.0054751559920406655,,,
cfg_89b00914c6e6ffef,202608084,2,0.4,0.5,0.75,4,success,1.1693513850902264,1.1905252317198762,0.02117384662964983,0.01778529850985293,,,
cfg_8a79640aa9956019,202608080,2,-0.8,0.5,0.0,4,success,1.0633005489342637,1.0847457627118646,0.02144521377760089,0.019769806451225818,1.2800000000000002,0.19525423728813562,0.19525423728813562
cfg_8a79640aa9956019,202608081,2,-0.8,0.5,0.0,4,success,1.1249912967643925,1.0847457627118646,0.04024553405252784,0.037101351704674095,1.2800000000000002,0.19525423728813562,0.19525423728813562
cfg_8a79640aa9956019,202608082,2,-0.8,0.5,0.0,4,success,1.1255422823130337,1.0847457627118646,0.040796519601169035,0.0376092915073277,1.2800000000000002,0.19525423728813562,0.19525423728813562
cfg_8a79640aa9956019,202608083,2,-0.8,0.5,0.0,4,success,1.0608845904951882,1.0847457627118646,0.023861172216676385,0.02199701813724854,1.2800000000000002,0.19525423728813562,0.19525423728813562
cfg_8a79640aa9956019,202608084,2,-0.8,0.5,0.0,4,success,1.127243356764353,1.0847457627118646,0.04249759405248832,0.03917746951713766,1.2800000000000002,0.19525423728813562,0.19525423728813562
cfg_8b295b50a0d0b48e,202608080,20,0.4,4.0,1.0,4,success,1.0,1.0,0.0,0.0,,,
cfg_8b295b50a0d0b48e,202608081,20,0.4,4.0,1.0,4,success,1.0,1.0,0.0,0.0,,,
cfg_8b295b50a0d0b48e,202608082,20,0.4,4.0,1.0,4,success,1.0,1.0,0.0,0.0,,,
cfg_8b295b50a0d0b48e,202608083,20,0.4,4.0,1.0,4,success,1.0,1.0,0.0,0.0,,,
cfg_8b295b50a0d0b48e,202608084,20,0.4,4.0,1.0,4,success,1.0,1.0,0.0,0.0,,,
cfg_8b6bc14484b53379,202608080,5,-0.8,4.0,0.0,4,success,1.3324085468071356,1.311475409836066,0.020933136971069688,0.015961516940440634,3.2000000000000006,1.8885245901639347,1.8885245901639347
cfg_8b6bc14484b53379,202608081,5,-0.8,4.0,0.0,4,success,1.3331228681898712,1.311475409836066,0.021647458353805327,0.01650618699477656,3.2000000000000006,1.8885245901639347,1.8885245901639347
cfg_8b6bc14484b53379,202608082,5,-0.8,4.0,0.0,4,success,1.3698998446241366,1.311475409836066,0.05842443478807069,0.04454863152590389,3.2000000000000006,1.8885245901639347,1.8885245901639347
cfg_8b6bc14484b53379,202608083,5,-0.8,4.0,0.0,4,success,1.3303187831422076,1.311475409836066,0.01884337330614172,0.014368072145933058,3.2000000000000006,1.8885245901639347,1.8885245901639347
cfg_8b6bc14484b53379,202608084,5,-0.8,4.0,0.0,4,success,1.3112068812123225,1.311475409836066,0.0002685286237433804,0.0002047530756043275,3.2000000000000006,1.8885245901639347,1.8885245901639347
cfg_8c914cbebd859cfb,202608080,2,-0.8,0.1,0.25,4,success,0.33958897221680984,0.34616743200282607,0.006578459786016233,0.019003693524706065,,,
cfg_8c914cbebd859cfb,202608081,2,-0.8,0.1,0.25,4,success,0.37617288986162184,0.34616743200282607,0.03000545785879577,0.08667903183494977,,,
cfg_8c914cbebd859cfb,202608082,2,-0.8,0.1,0.25,4,success,0.3303384227684695,0.34616743200282607,0.015829009234356595,0.04572645422700356,,,
cfg_8c914cbebd859cfb,202608083,2,-0.8,0.1,0.25,4,success,0.29923778132119505,0.34616743200282607,0.04692965068163102,0.1355692255915279,,,
cfg_8c914cbebd859cfb,202608084,2,-0.8,0.1,0.25,4,success,0.3646428854443863,0.34616743200282607,0.018475453441560208,0.05337143744189481,,,
cfg_8da67d7b34869a45,202608080,5,0.0,1.0,0.5,4,success,0.7393414429301736,0.7142857142857143,0.025055728644459263,0.035078020102242966,,,
cfg_8da67d7b34869a45,202608081,5,0.0,1.0,0.5,4,success,0.7200901345126003,0.7142857142857143,0.005804420226885987,0.00812618831764038,,,
cfg_8da67d7b34869a45,202608082,5,0.0,1.0,0.5,4,success,0.7172459663884607,0.7142857142857143,0.002960252102746419,0.004144352943844986,,,
cfg_8da67d7b34869a45,202608083,5,0.0,1.0,0.5,4,success,0.7439436928743176,0.7142857142857143,0.029657978588603306,0.04152117002404463,,,
cfg_8da67d7b34869a45,202608084,5,0.0,1.0,0.5,4,success,0.711662678867199,0.7142857142857143,0.0026230354185152738,0.0036722495859213833,,,
cfg_8e48409548b44832,202608080,2,0.4,1.0,0.25,4,success,0.5305266858768954,0.5215517241379312,0.008974961738964282,0.017208191102807545,,,
cfg_8e48409548b44832,202608081,2,0.4,1.0,0.25,4,success,0.4982807887126349,0.5215517241379312,0.023270935425296235,0.04461865304684897,,,
cfg_8e48409548b44832,202608082,2,0.4,1.0,0.25,4,success,0.514251388825372,0.5215517241379312,0.007300335312559136,0.013997337128212555,,,
cfg_8e48409548b44832,202608083,2,0.4,1.0,0.25,4,success,0.5292013399159098,0.5215517241379312,0.0076496157779786245,0.014667031904884631,,,
cfg_8e48409548b44832,202608084,2,0.4,1.0,0.25,4,success,0.5268757354042689,0.5215517241379312,0.005324011266337747,0.010208021601573199,,,
cfg_8e4d5588b7594ca0,202608080,5,0.8,4.0,0.5,4,success,2.184197550184009,2.17741935483871,0.0067781953452992205,0.0031129489733966787,,,
cfg_8e4d5588b7594ca0,202608081,5,0.8,4.0,0.5,4,success,2.191697905331504,2.17741935483871,0.014278550492794029,0.006557556522616516,,,
cfg_8e4d5588b7594ca0,202608082,5,0.8,4.0,0.5,4,success,2.1819019667444057,2.17741935483871,0.004482611905695766,0.0020586810233565738,,,
cfg_8e4d5588b7594ca0,202608083,5,0.8,4.0,0.5,4,success,2.159400654470507,2.17741935483871,0.018018700368203078,0.008275254983915487,,,
cfg_8e4d5588b7594ca0,202608084,5,0.8,4.0,0.5,4,success,2.186756808176264,2.17741935483871,0.009337453337554091,0.00428831190317299,,,
cfg_8ef5c14fc3a42388,202608080,2,0.8,1.0,0.25,4,success,1.5814683379334855,1.623595505617978,0.04212716768449254,0.02594683684373588,,,
cfg_8ef5c14fc3a42388,202608081,2,0.8,1.0,0.25,4,success,1.7614301602030116,1.623595505617978,0.13783465458503352,0.08489470074787529,,,
cfg_8ef5c14fc3a42388,202608082,2,0.8,1.0,0.25,4,success,1.716587387743599,1.623595505617978,0.09299188212562104,0.05727527688014027,,,
cfg_8ef5c14fc3a42388,202608083,2,0.8,1.0,0.25,4,success,1.5589972387515567,1.623595505617978,0.06459826686642134,0.039787167827761226,,,
cfg_8ef5c14fc3a42388,202608084,2,0.8,1.0,0.25,4,success,1.6733440242480668,1.623595505617978,0.04974851863008878,0.030640956111265744,,,
cfg_8f3d16d3bcce0c89,202608080,20,-0.8,1.0,1.0,4,success,1.0,1.0,0.0,0.0,,,
cfg_8f3d16d3bcce0c89,202608081,20,-0.8,1.0,1.0,4,success,1.0,1.0,0.0,0.0,,,
cfg_8f3d16d3bcce0c89,202608082,20,-0.8,1.0,1.0,4,success,1.0,1.0,0.0,0.0,,,
cfg_8f3d16d3bcce0c89,202608083,20,-0.8,1.0,1.0,4,success,1.0,1.0,0.0,0.0,,,
cfg_8f3d16d3bcce0c89,202608084,20,-0.8,1.0,1.0,4,success,1.0,1.0,0.0,0.0,,,
cfg_8fb4bac50941abf8,202608080,20,-0.4,0.1,0.75,4,success,0.7497749734154342,0.7466148306863113,0.0031601427291229056,0.004232627854737369,,,
cfg_8fb4bac50941abf8,202608081,20,-0.4,0.1,0.75,4,success,0.7447149550728995,0.7466148306863113,0.0018998756134117611,0.002544652925880587,,,
cfg_8fb4bac50941abf8,202608082,20,-0.4,0.1,0.75,4,success,0.7545389535034124,0.7466148306863113,0.007924122817101087,0.010613401303342701,,,
cfg_8fb4bac50941abf8,202608083,20,-0.4,0.1,0.75,4,success,0.7414364264356879,0.7466148306863113,0.005178404250623436,0.006935844344082059,,,
cfg_8fb4bac50941abf8,202608084,20,-0.4,0.1,0.75,4,success,0.7426362553885688,0.7466148306863113,0.0039785752977424815,0.005328819003079879,,,
cfg_905a5ff5b3ec49b8,202608080,10,0.4,0.5,0.5,4,success,1.7008757672462045,1.7162872154115583,0.01541144816535378,0.008979527451445929,,,
cfg_905a5ff5b3ec49b8,202608081,10,0.4,0.5,0.5,4,success,1.7329027331927627,1.7162872154115583,0.016615517781204403,0.009681082299048691,,,
cfg_905a5ff5b3ec49b8,202608082,10,0.4,0.5,0.5,4,success,1.7110379242503242,1.7162872154115583,0.005249291161234071,0.003058515564351689,,,
cfg_905a5ff5b3ec49b8,202608083,10,0.4,0.5,0.5,4,success,1.7003962631468668,1.7162872154115583,0.015890952264691505,0.009258911982794747,,,
cfg_905a5ff5b3ec49b8,202608084,10,0.4,0.5,0.5,4,success,1.689433203246125,1.7162872154115583,0.02685401216543326,0.015646572394349384,,,
cfg_9193a36234749e4a,202608080,20,0.0,4.0,0.5,4,success,0.8037838354934489,0.8,0.0037838354934488505,0.004729794366811063,,,
cfg_9193a36234749e4a,202608081,20,0.0,4.0,0.5,4,success,0.8039970303357761,0.8,0.003997030335776031,0.004996287919720038,,,
cfg_9193a36234749e4a,202608082,20,0.0,4.0,0.5,4,success,0.7970835820686826,0.8,0.002916417931317472,0.00364552241414684,,,
cfg_9193a36234749e4a,202608083,20,0.0,4.0,0.5,4,success,0.810788187613129,0.8,0.010788187613128941,0.013485234516411176,,,
cfg_9193a36234749e4a,202608084,20,0.0,4.0,0.5,4,success,0.795218237025175,0.8,0.004781762974825021,0.0059772037185312765,,,
cfg_92053e7ea4dc120f,202608080,10,0.0,4.0,0.25,4,success,0.1821231543550459,0.18181818181818182,0.00030497253686406767,0.0016773489527523722,,,
cfg_92053e7ea4dc120f,202608081,10,0.0,4.0,0.25,4,success,0.17581811304383488,0.18181818181818182,0.006000068774346945,0.0330003782589082,,,
cfg_92053e7ea4dc120f,202608082,10,0.0,4.0,0.25,4,success,0.16992299924712115,0.18181818181818182,0.011895182571060675,0.06542350414083371,,,
cfg_92053e7ea4dc120f,202608083,10,0.0,4.0,0.25,4,success,0.18812510033448449,0.18181818181818182,0.006306918516302662,0.03468805183966464,,,
cfg_92053e7ea4dc120f,202608084,10,0.0,4.0,0.25,4,success,0.17611094957567927,0.18181818181818182,0.005707232242502552,0.03138977733376404,,,
cfg_924f485316323c36,202608080,5,-0.4,0.5,0.5,4,success,0.2839186774037636,0.2803738317757009,0.003544845628062676,0.012643282740090212,,,
cfg_924f485316323c36,202608081,5,-0.4,0.5,0.5,4,success,0.2771531409268611,0.2803738317757009,0.0032206908488398023,0.011487130694195297,,,
cfg_924f485316323c36,202608082,5,-0.4,0.5,0.5,4,success,0.27967969440414336,0.2803738317757009,0.0006941373715575461,0.0024757566252219146,,,
cfg_924f485316323c36,202608083,5,-0.4,0.5,0.5,4,success,0.2823068212175699,0.2803738317757009,0.001932989441868982,0.006894329009332702,,,
cfg_924f485316323c36,202608084,5,-0.4,0.5,0.5,4,success,0.27961619578076724,0.2803738317757009,0.0007576359949336697,0.0027022350485967554,,,
cfg_929237f875f84fc8,202608080,2,0.8,4.0,1.0,4,success,1.0,1.0,0.0,0.0,,,
cfg_929237f875f84fc8,202608081,2,0.8,4.0,1.0,4,success,1.0,1.0,0.0,0.0,,,
cfg_929237f875f84fc8,202608082,2,0.8,4.0,1.0,4,success,1.0,1.0,0.0,0.0,,,
cfg_929237f875f84fc8,202608083,2,0.8,4.0,1.0,4,success,1.0,1.0,0.0,0.0,,,
cfg_929237f875f84fc8,202608084,2,0.8,4.0,1.0,4,success,1.0,1.0,0.0,0.0,,,
cfg_92c719cdab1c9b79,202608080,20,-0.4,1.0,0.75,4,success,0.7462915708856391,0.7435107787065552,0.0027807921790838908,0.003740083208909872,,,
cfg_92c719cdab1c9b79,202608081,20,-0.4,1.0,0.75,4,success,0.7453756282734401,0.7435107787065552,0.0018648495668848186,0.002508167494395972,,,
cfg_92c719cdab1c9b79,202608082,20,-0.4,1.0,0.75,4,success,0.7417085955641348,0.7435107787065552,0.0018021831424204215,0.002423883007527585,,,
cfg_92c719cdab1c9b79,202608083,20,-0.4,1.0,0.75,4,success,0.7455829365045863,0.7435107787065552,0.002072157798031049,0.002786990931908032,,,
cfg_92c719cdab1c9b79,202608084,20,-0.4,1.0,0.75,4,success,0.741511634028211,0.7435107787065552,0.001999144678344278,0.002688790446080795,,,
cfg_93529566dd46649b,202608080,10,-0.4,4.0,0.25,4,success,0.007399550743142545,0.008123476848090998,0.0007239261049484524,0.08911530351915434,,,
cfg_93529566dd46649b,202608081,10,-0.4,4.0,0.25,4,success,0.007942815637637575,0.008123476848090998,0.0001806612104534224,0.022239395006816258,,,
cfg_93529566dd46649b,202608082,10,-0.4,4.0,0.25,4,success,0.007663932968817666,0.008123476848090998,0.00045954387927333185,0.056569851538547045,,,
cfg_93529566dd46649b,202608083,10,-0.4,4.0,0.25,4,success,0.007115392118895026,0.008123476848090998,0.001008084729195972,0.12409523016402393,,,
cfg_93529566dd46649b,202608084,10,-0.4,4.0,0.25,4,success,0.008378868586881435,0.008123476848090998,0.00025539173879043746,0.03143872304510279,,,
cfg_9385664dfd20e7e2,202608080,20,0.8,0.5,0.0,4,success,11.166638082490335,10.847457627118647,0.31918045537168815,0.029424448229577495,12.800000000000002,1.9525423728813553,1.9525423728813553
cfg_9385664dfd20e7e2,202608081,20,0.8,0.5,0.0,4,success,10.646166806267376,10.847457627118647,0.2012908208512716,0.018556497547226596,12.800000000000002,1.9525423728813553,1.9525423728813553
cfg_9385664dfd20e7e2,202608082,20,0.8,0.5,0.0,4,success,10.919192905476576,10.847457627118647,0.07173527835792903,0.006613095973621581,12.800000000000002,1.9525423728813553,1.9525423728813553
cfg_9385664dfd20e7e2,202608083,20,0.8,0.5,0.0,4,success,11.105701264486171,10.847457627118647,0.2582436373675243,0.023806835319818642,12.800000000000002,1.9525423728813553,1.9525423728813553
cfg_9385664dfd20e7e2,202608084,20,0.8,0.5,0.0,4,success,10.388849448247004,10.847457627118647,0.45860817887164274,0.042277941489729555,12.800000000000002,1.9525423728813553,1.9525423728813553
cfg_9427df1ba97a29bc,202608080,5,-0.8,0.1,0.75,4,success,0.5558205281060664,0.5256755582587542,0.030144969847312186,0.0573451996649117,,,
cfg_9427df1ba97a29bc,202608081,5,-0.8,0.1,0.75,4,success,0.5266777829838561,0.5256755582587542,0.001002224725101919,0.001906546175404625,,,
cfg_9427df1ba97a29bc,202608082,5,-0.8,0.1,0.75,4,success,0.5094825848388683,0.5256755582587542,0.016192973419885903,0.03080412084123418,,,
cfg_9427df1ba97a29bc,202608083,5,-0.8,0.1,0.75,4,success,0.4875519644577513,0.5256755582587542,0.03812359380100294,0.07252304810838722,,,
cfg_9427df1ba97a29bc,202608084,5,-0.8,0.1,0.75,4,success,0.5263660868157642,0.5256755582587542,0.0006905285570100173,0.001313602175641039,,,
cfg_943495c3cbd7d244,202608080,5,0.8,0.1,0.75,4,success,1.6042998669228845,1.5683378225736382,0.035962044349246325,0.022930037031328305,,,
cfg_943495c3cbd7d244,202608081,5,0.8,0.1,0.75,4,success,1.5212389531917265,1.5683378225736382,0.04709886938191166,0.030031074111713085,,,
cfg_943495c3cbd7d244,202608082,5,0.8,0.1,0.75,4,success,1.5728128483267527,1.5683378225736382,0.0044750257531145365,0.0028533557558224486,,,
cfg_943495c3cbd7d244,202608083,5,0.8,0.1,0.75,4,success,1.5405216608284409,1.5683378225736382,0.0278161617451973,0.017736077868447407,,,
cfg_943495c3cbd7d244,202608084,5,0.8,0.1,0.75,4,success,1.5942814149780478,1.5683378225736382,0.025943592404409577,0.016542094458855943,,,
cfg_94dbbac21e44d0e9,202608080,5,-0.8,1.0,1.0,4,success,1.0,1.0,0.0,0.0,,,
cfg_94dbbac21e44d0e9,202608081,5,-0.8,1.0,1.0,4,success,1.0,1.0,0.0,0.0,,,
cfg_94dbbac21e44d0e9,202608082,5,-0.8,1.0,1.0,4,success,1.0,1.0,0.0,0.0,,,
cfg_94dbbac21e44d0e9,202608083,5,-0.8,1.0,1.0,4,success,1.0,1.0,0.0,0.0,,,
cfg_94dbbac21e44d0e9,202608084,5,-0.8,1.0,1.0,4,success,1.0,1.0,0.0,0.0,,,
cfg_95913c5760428e0a,202608080,20,0.8,0.1,1.0,4,success,1.0,1.0,0.0,0.0,,,
cfg_95913c5760428e0a,202608081,20,0.8,0.1,1.0,4,success,1.0,1.0,0.0,0.0,,,
cfg_95913c5760428e0a,202608082,20,0.8,0.1,1.0,4,success,1.0,1.0,0.0,0.0,,,
cfg_95913c5760428e0a,202608083,20,0.8,0.1,1.0,4,success,1.0,1.0,0.0,0.0,,,
cfg_95913c5760428e0a,202608084,20,0.8,0.1,1.0,4,success,1.0,1.0,0.0,0.0,,,
cfg_96125c48668301ff,202608080,10,0.4,0.5,0.0,4,success,0.9977522234229461,1.1267605633802817,0.12900833995733563,0.11449490171213536,1.6000000000000003,0.47323943661971857,0.47323943661971857
cfg_96125c48668301ff,202608081,10,0.4,0.5,0.0,4,success,1.1864108784807035,1.1267605633802817,0.059650315100421736,0.052939654651624285,1.6000000000000003,0.47323943661971857,0.47323943661971857
cfg_96125c48668301ff,202608082,10,0.4,0.5,0.0,4,success,1.1179170698602585,1.1267605633802817,0.008843493520023227,0.007848600499020614,1.6000000000000003,0.47323943661971857,0.47323943661971857
cfg_96125c48668301ff,202608083,10,0.4,0.5,0.0,4,success,1.088951114431341,1.1267605633802817,0.03780944894894067,0.033555885942184845,1.6000000000000003,0.47323943661971857,0.47323943661971857
cfg_96125c48668301ff,202608084,10,0.4,0.5,0.0,4,success,1.1037747962311326,1.1267605633802817,0.022985767149149128,0.02039986834486985,1.6000000000000003,0.47323943661971857,0.47323943661971857
cfg_961a587acfa087b0,202608080,2,0.0,0.5,0.5,4,success,0.5666425933823573,0.5714285714285714,0.004785978046214057,0.008375461580874599,,,
cfg_961a587acfa087b0,202608081,2,0.0,0.5,0.5,4,success,0.5687724367532425,0.5714285714285714,0.0026561346753288806,0.004648235681825541,,,
cfg_961a587acfa087b0,202608082,2,0.0,0.5,0.5,4,success,0.5721153526549944,0.5714285714285714,0.0006867812264229611,0.001201867146240182,,,
cfg_961a587acfa087b0,202608083,2,0.0,0.5,0.5,4,success,0.5720610773791667,0.5714285714285714,0.0006325059505952746,0.0011068854135417305,,,
cfg_961a587acfa087b0,202608084,2,0.0,0.5,0.5,4,success,0.5748385025217199,0.5714285714285714,0.003409931093148466,0.005967379413009816,,,
cfg_97c9b0d1c7b5b554,202608080,20,-0.8,0.5,0.25,4,success,1.3159325298290987,1.2802090137165258,0.03572351611257285,0.027904440392014798,,,
cfg_97c9b0d1c7b5b554,202608081,20,-0.8,0.5,0.25,4,success,1.260841841858189,1.2802090137165258,0.019367171858336807,0.01512813271179267,,,
cfg_97c9b0d1c7b5b554,202608082,20,-0.8,0.5,0.25,4,success,1.2475955059249582,1.2802090137165258,0.032613507791567686,0.025475143075964338,,,
cfg_97c9b0d1c7b5b554,202608083,20,-0.8,0.5,0.25,4,success,1.282064325946921,1.2802090137165258,0.0018553122303952563,0.0014492260330281304,,,
cfg_97c9b0d1c7b5b554,202608084,20,-0.8,0.5,0.25,4,success,1.4120734132486248,1.2802090137165258,0.13186439953209894,0.1030022426957364,,,
cfg_97fbc177e300dfc1,202608080,10,-0.4,1.0,1.0,4,success,1.0,1.0,0.0,0.0,,,
cfg_97fbc177e300dfc1,202608081,10,-0.4,1.0,1.0,4,success,1.0,1.0,0.0,0.0,,,
cfg_97fbc177e300dfc1,202608082,10,-0.4,1.0,1.0,4,success,1.0,1.0,0.0,0.0,,,
cfg_97fbc177e300dfc1,202608083,10,-0.4,1.0,1.0,4,success,1.0,1.0,0.0,0.0,,,
cfg_97fbc177e300dfc1,202608084,10,-0.4,1.0,1.0,4,success,1.0,1.0,0.0,0.0,,,
cfg_991573115b60ce08,202608080,2,0.0,0.1,1.0,4,success,1.0,1.0,0.0,0.0,,,
cfg_991573115b60ce08,202608081,2,0.0,0.1,1.0,4,success,1.0,1.0,0.0,0.0,,,
cfg_991573115b60ce08,202608082,2,0.0,0.1,1.0,4,success,1.0,1.0,0.0,0.0,,,
cfg_991573115b60ce08,202608083,2,0.0,0.1,1.0,4,success,1.0,1.0,0.0,0.0,,,
cfg_991573115b60ce08,202608084,2,0.0,0.1,1.0,4,success,1.0,1.0,0.0,0.0,,,
cfg_9990d1fc33f333ad,202608080,10,0.8,0.1,0.0,4,success,5.627646510266452,6.177606177606179,0.5499596673397269,0.08902472115061828,6.400000000000001,0.22239382239382266,0.22239382239382266
cfg_9990d1fc33f333ad,202608081,10,0.8,0.1,0.0,4,success,6.603481377352646,6.177606177606179,0.4258751997464678,0.06893854795895947,6.400000000000001,0.22239382239382266,0.22239382239382266
cfg_9990d1fc33f333ad,202608082,10,0.8,0.1,0.0,4,success,6.314607840430484,6.177606177606179,0.13700166282430537,0.02217714416968443,6.400000000000001,0.22239382239382266,0.22239382239382266
cfg_9990d1fc33f333ad,202608083,10,0.8,0.1,0.0,4,success,5.555301714304406,6.177606177606179,0.6223044633017727,0.10073553499697444,6.400000000000001,0.22239382239382266,0.22239382239382266
cfg_9990d1fc33f333ad,202608084,10,0.8,0.1,0.0,4,success,6.502483822391596,6.177606177606179,0.3248776447854178,0.0525895687496395,6.400000000000001,0.22239382239382266,0.22239382239382266
cfg_9a2879cffb594739,202608080,20,0.8,0.5,1.0,4,success,1.0,1.0,0.0,0.0,,,
cfg_9a2879cffb594739,202608081,20,0.8,0.5,1.0,4,success,1.0,1.0,0.0,0.0,,,
cfg_9a2879cffb594739,202608082,20,0.8,0.5,1.0,4,success,1.0,1.0,0.0,0.0,,,
cfg_9a2879cffb594739,202608083,20,0.8,0.5,1.0,4,success,1.0,1.0,0.0,0.0,,,
cfg_9a2879cffb594739,202608084,20,0.8,0.5,1.0,4,success,1.0,1.0,0.0,0.0,,,
cfg_9a78b7a6b5e7b2d9,202608080,10,0.0,0.1,0.0,4,success,0.0028187138502729432,0.0,0.0028187138502729432,,0.0,0.0,0.0
cfg_9a78b7a6b5e7b2d9,202608081,10,0.0,0.1,0.0,4,success,0.004705946388272986,0.0,0.004705946388272986,,0.0,0.0,0.0
cfg_9a78b7a6b5e7b2d9,202608082,10,0.0,0.1,0.0,4,success,0.0006929354867863185,0.0,0.0006929354867863185,,0.0,0.0,0.0
cfg_9a78b7a6b5e7b2d9,202608083,10,0.0,0.1,0.0,4,success,0.0034791770367784782,0.0,0.0034791770367784782,,0.0,0.0,0.0
cfg_9a78b7a6b5e7b2d9,202608084,10,0.0,0.1,0.0,4,success,0.0011524585675799115,0.0,0.0011524585675799115,,0.0,0.0,0.0
cfg_9b3645c108588ddc,202608080,5,0.4,0.5,1.0,4,success,1.0,1.0,0.0,0.0,,,
cfg_9b3645c108588ddc,202608081,5,0.4,0.5,1.0,4,success,1.0,1.0,0.0,0.0,,,
cfg_9b3645c108588ddc,202608082,5,0.4,0.5,1.0,4,success,1.0,1.0,0.0,0.0,,,
cfg_9b3645c108588ddc,202608083,5,0.4,0.5,1.0,4,success,1.0,1.0,0.0,0.0,,,
cfg_9b3645c108588ddc,202608084,5,0.4,0.5,1.0,4,success,1.0,1.0,0.0,0.0,,,
cfg_9b4cb6dd8f78c155,202608080,5,0.4,0.1,0.25,4,success,1.6200584230428285,1.6400108430468965,0.01995242000406794,0.012166029321488697,,,
cfg_9b4cb6dd8f78c155,202608081,5,0.4,0.1,0.25,4,success,1.6048670955202782,1.6400108430468965,0.03514374752661831,0.021428972665404118,,,
cfg_9b4cb6dd8f78c155,202608082,5,0.4,0.1,0.25,4,success,1.6306519054890316,1.6400108430468965,0.009358937557864877,0.0057066315125559545,,,
cfg_9b4cb6dd8f78c155,202608083,5,0.4,0.1,0.25,4,success,1.639754833104135,1.6400108430468965,0.000256009942761537,0.0001561025915450099,,,
cfg_9b4cb6dd8f78c155,202608084,5,0.4,0.1,0.25,4,success,1.562231696781443,1.6400108430468965,0.07777914626545357,0.04742599513607573,,,
cfg_9c55ab9c415ebbc3,202608080,20,0.4,4.0,0.5,4,success,1.6212601941668527,1.6091954022988504,0.012064791868002356,0.007497406375115751,,,
cfg_9c55ab9c415ebbc3,202608081,20,0.4,4.0,0.5,4,success,1.5844502111016114,1.6091954022988504,0.024745191197238947,0.015377368815427062,,,
cfg_9c55ab9c415ebbc3,202608082,20,0.4,4.0,0.5,4,success,1.6441140689989773,1.6091954022988504,0.03491866670012689,0.021699457163650283,,,
cfg_9c55ab9c415ebbc3,202608083,20,0.4,4.0,0.5,4,success,1.6059936473201015,1.6091954022988504,0.003201754978748861,0.001989662022508221,,,
cfg_9c55ab9c415ebbc3,202608084,20,0.4,4.0,0.5,4,success,1.622368678898635,1.6091954022988504,0.013173276599784511,0.008186250458437518,,,
cfg_9d439a4723905f36,202608080,5,-0.8,0.1,0.0,4,success,3.1223349064203765,3.0888030888030893,0.033531817617287185,0.010855925953596725,3.2000000000000006,0.11119691119691133,0.11119691119691133
cfg_9d439a4723905f36,202608081,5,-0.8,0.1,0.0,4,success,2.882319543712073,3.0888030888030893,0.2064835450910163,0.06684904772321651,3.2000000000000006,0.11119691119691133,0.11119691119691133
cfg_9d439a4723905f36,202608082,5,-0.8,0.1,0.0,4,success,3.22490743327576,3.0888030888030893,0.13610434447267084,0.04406378152302717,3.2000000000000006,0.11119691119691133,0.11119691119691133
cfg_9d439a4723905f36,202608083,5,-0.8,0.1,0.0,4,success,2.953276098825804,3.0888030888030893,0.13552698997728507,0.04387686300514604,3.2000000000000006,0.11119691119691133,0.11119691119691133
cfg_9d439a4723905f36,202608084,5,-0.8,0.1,0.0,4,success,3.4643557309276503,3.0888030888030893,0.37555264212456096,0.1215851678878266,3.2000000000000006,0.11119691119691133,0.11119691119691133
cfg_9fbf868d0fe642ee,202608080,20,-0.8,0.5,0.5,4,success,0.03600718685399652,0.037771482530689314,0.0017642956766927911,0.04670972804044166,,,
cfg_9fbf868d0fe642ee,202608081,20,-0.8,0.5,0.5,4,success,0.04116113897361641,0.037771482530689314,0.0033896564429270956,0.08974115432649489,,,
cfg_9fbf868d0fe642ee,202608082,20,-0.8,0.5,0.5,4,success,0.037480886965312724,0.037771482530689314,0.0002905955653765904,0.0076935175933452345,,,
cfg_9fbf868d0fe642ee,202608083,20,-0.8,0.5,0.5,4,success,0.045196306750307474,0.037771482530689314,0.0074248242196181605,0.19657222121439089,,,
cfg_9fbf868d0fe642ee,202608084,20,-0.8,0.5,0.5,4,success,0.03575023491797779,0.037771482530689314,0.002021247612711524,0.05351253054653762,,,
cfg_a1a7924cbfa0a9c2,202608080,20,-0.8,4.0,0.75,4,success,0.5284782956518207,0.5305853979390486,0.00210710228722788,0.003971278319027421,,,
cfg_a1a7924cbfa0a9c2,202608081,20,-0.8,4.0,0.75,4,success,0.532736829734367,0.5305853979390486,0.0021514317953184037,0.004054826619193073,,,
cfg_a1a7924cbfa0a9c2,202608082,20,-0.8,4.0,0.75,4,success,0.5324298737188824,0.5305853979390486,0.0018444757798338207,0.0034763033189347333,,,
cfg_a1a7924cbfa0a9c2,202608083,20,-0.8,4.0,0.75,4,success,0.5333100536832911,0.5305853979390486,0.002724655744242521,0.005135187954334767,,,
cfg_a1a7924cbfa0a9c2,202608084,20,-0.8,4.0,0.75,4,success,0.5286370425228009,0.5305853979390486,0.0019483554162477157,0.0036720863857462103,,,
cfg_a1b975c47df573c6,202608080,10,-0.8,0.5,0.5,4,success,0.03288875796595245,0.03577817531305901,0.002889417347106564,0.08075921485162851,,,
cfg_a1b975c47df573c6,202608081,10,-0.8,0.5,0.5,4,success,0.03446884836086495,0.03577817531305901,0.0013093269521940593,0.03659568831382398,,,
cfg_a1b975c47df573c6,202608082,10,-0.8,0.5,0.5,4,success,0.03348326628266356,0.03577817531305901,0.0022949090303954547,0.064142707399553,,,
cfg_a1b975c47df573c6,202608083,10,-0.8,0.5,0.5,4,success,0.03181316216184958,0.03577817531305901,0.00396501315120943,0.11082211757630364,,,
cfg_a1b975c47df573c6,202608084,10,-0.8,0.5,0.5,4,success,0.03834325030693609,0.03577817531305901,0.0025650749938770784,0.07169384607886438,,,
cfg_a211145a5d1913a1,202608080,2,0.0,0.5,0.25,4,success,0.12643524198269113,0.12903225806451613,0.0025970160818249988,0.02012687463414374,,,
cfg_a211145a5d1913a1,202608081,2,0.0,0.5,0.25,4,success,0.12165265851541904,0.12903225806451613,0.007379599549097088,0.05719189650550243,,,
cfg_a211145a5d1913a1,202608082,2,0.0,0.5,0.25,4,success,0.1221455776968347,0.12903225806451613,0.006886680367681419,0.053371772849531,,,
cfg_a211145a5d1913a1,202608083,2,0.0,0.5,0.25,4,success,0.12533618559107945,0.12903225806451613,0.0036960724734366734,0.02864456166913422,,,
cfg_a211145a5d1913a1,202608084,2,0.0,0.5,0.25,4,success,0.12072106046395627,0.12903225806451613,0.008311197600559858,0.0644117814043389,,,
cfg_a2157190d0335293,202608080,5,0.0,1.0,1.0,4,success,1.0,1.0,0.0,0.0,,,
cfg_a2157190d0335293,202608081,5,0.0,1.0,1.0,4,success,1.0,1.0,0.0,0.0,,,
cfg_a2157190d0335293,202608082,5,0.0,1.0,1.0,4,success,1.0,1.0,0.0,0.0,,,
cfg_a2157190d0335293,202608083,5,0.0,1.0,1.0,4,success,1.0,1.0,0.0,0.0,,,
cfg_a2157190d0335293,202608084,5,0.0,1.0,1.0,4,success,1.0,1.0,0.0,0.0,,,
cfg_a215ed8a8aed349b,202608080,10,0.4,1.0,0.0,4,success,0.8870761351938545,0.8695652173913045,0.017510917802549986,0.02013755547293248,1.6000000000000003,0.7304347826086958,0.7304347826086958
cfg_a215ed8a8aed349b,202608081,10,0.4,1.0,0.0,4,success,0.8741750717919833,0.8695652173913045,0.004609854400678737,0.005301332560780546,1.6000000000000003,0.7304347826086958,0.7304347826086958
cfg_a215ed8a8aed349b,202608082,10,0.4,1.0,0.0,4,success,0.8446300099660521,0.8695652173913045,0.02493520742525246,0.028675488539040322,1.6000000000000003,0.7304347826086958,0.7304347826086958
cfg_a215ed8a8aed349b,202608083,10,0.4,1.0,0.0,4,success,0.8741378592124046,0.8695652173913045,0.004572641821100065,0.005258538094265074,1.6000000000000003,0.7304347826086958,0.7304347826086958
cfg_a215ed8a8aed349b,202608084,10,0.4,1.0,0.0,4,success,0.8270049104034662,0.8695652173913045,0.0425603069878383,0.048944353036014035,1.6000000000000003,0.7304347826086958,0.7304347826086958
cfg_a2c68311aec9f30e,202608080,5,0.0,4.0,0.0,4,success,1.0180607416678222e-05,0.0,1.0180607416678222e-05,,0.0,0.0,0.0
cfg_a2c68311aec9f30e,202608081,5,0.0,4.0,0.0,4,success,6.0140248180558695e-05,0.0,6.0140248180558695e-05,,0.0,0.0,0.0
cfg_a2c68311aec9f30e,202608082,5,0.0,4.0,0.0,4,success,5.770714446512761e-05,0.0,5.770714446512761e-05,,0.0,0.0,0.0
cfg_a2c68311aec9f30e,202608083,5,0.0,4.0,0.0,4,success,0.00016391533524243198,0.0,0.00016391533524243198,,0.0,0.0,0.0
cfg_a2c68311aec9f30e,202608084,5,0.0,4.0,0.0,4,success,0.000220623828434065,0.0,0.000220623828434065,,0.0,0.0,0.0
cfg_a379c2aca56bc9d4,202608080,5,0.4,0.1,1.0,4,success,1.0,1.0,0.0,0.0,,,
cfg_a379c2aca56bc9d4,202608081,5,0.4,0.1,1.0,4,success,1.0,1.0,0.0,0.0,,,
cfg_a379c2aca56bc9d4,202608082,5,0.4,0.1,1.0,4,success,1.0,1.0,0.0,0.0,,,
cfg_a379c2aca56bc9d4,202608083,5,0.4,0.1,1.0,4,success,1.0,1.0,0.0,0.0,,,
cfg_a379c2aca56bc9d4,202608084,5,0.4,0.1,1.0,4,success,1.0,1.0,0.0,0.0,,,
cfg_a411e65c23f7ed45,202608080,2,0.8,0.5,0.5,4,success,2.005967999640461,2.037735849056604,0.03176784941614308,0.01558977795421836,,,
cfg_a411e65c23f7ed45,202608081,2,0.8,0.5,0.5,4,success,2.064893233077811,2.037735849056604,0.02715738402120671,0.013327234751147735,,,
cfg_a411e65c23f7ed45,202608082,2,0.8,0.5,0.5,4,success,2.1043826169579916,2.037735849056604,0.06664676790138735,0.03270628424790305,,,
cfg_a411e65c23f7ed45,202608083,2,0.8,0.5,0.5,4,success,2.0463676033677145,2.037735849056604,0.008631754311110296,0.0042359535045263476,,,
cfg_a411e65c23f7ed45,202608084,2,0.8,0.5,0.5,4,success,2.012819425027549,2.037735849056604,0.02491642402905514,0.012227504384628909,,,
cfg_a496d6cc158feac1,202608080,2,0.0,1.0,0.0,4,success,0.0003215194557552723,0.0,0.0003215194557552723,,0.0,0.0,0.0
cfg_a496d6cc158feac1,202608081,2,0.0,1.0,0.0,4,success,0.0009684279172626466,0.0,0.0009684279172626466,,0.0,0.0,0.0
cfg_a496d6cc158feac1,202608082,2,0.0,1.0,0.0,4,success,9.721836462208483e-05,0.0,9.721836462208483e-05,,0.0,0.0,0.0
cfg_a496d6cc158feac1,202608083,2,0.0,1.0,0.0,4,success,0.00016663631168326596,0.0,0.00016663631168326596,,0.0,0.0,0.0
cfg_a496d6cc158feac1,202608084,2,0.0,1.0,0.0,4,success,0.0004909805593066445,0.0,0.0004909805593066445,,0.0,0.0,0.0
cfg_a4b8e11ef0498b08,202608080,10,0.8,0.1,0.75,4,success,1.568854202510789,1.5861856847840414,0.01733148227325243,0.010926515375538839,,,
cfg_a4b8e11ef0498b08,202608081,10,0.8,0.1,0.75,4,success,1.6030744205109384,1.5861856847840414,0.016888735726896975,0.010647388820178622,,,
cfg_a4b8e11ef0498b08,202608082,10,0.8,0.1,0.75,4,success,1.603028926905202,1.5861856847840414,0.016843242121160618,0.010618707685193754,,,
cfg_a4b8e11ef0498b08,202608083,10,0.8,0.1,0.75,4,success,1.6155683539123822,1.5861856847840414,0.029382669128340755,0.018524104340496048,,,
cfg_a4b8e11ef0498b08,202608084,10,0.8,0.1,0.75,4,success,1.5651440033205797,1.5861856847840414,0.021041681463461748,0.013265585274984098,,,
cfg_a582a51e32d5e78e,202608080,5,0.8,1.0,0.0,4,success,2.504159857506173,2.3529411764705883,0.1512186810355849,0.06426793944012357,3.2000000000000006,0.8470588235294123,0.8470588235294123
cfg_a582a51e32d5e78e,202608081,5,0.8,1.0,0.0,4,success,2.488349882104011,2.3529411764705883,0.13540870563342278,0.05754869989420468,3.2000000000000006,0.8470588235294123,0.8470588235294123
cfg_a582a51e32d5e78e,202608082,5,0.8,1.0,0.0,4,success,2.386889115574753,2.3529411764705883,0.033947939104164604,0.014427874119269957,3.2000000000000006,0.8470588235294123,0.8470588235294123
cfg_a582a51e32d5e78e,202608083,5,0.8,1.0,0.0,4,success,2.315682912960185,2.3529411764705883,0.03725826351040329,0.0158347619919214,3.2000000000000006,0.8470588235294123,0.8470588235294123
cfg_a582a51e32d5e78e,202608084,5,0.8,1.0,0.0,4,success,2.292177295279347,2.3529411764705883,0.06076388119124143,0.025824649506277608,3.2000000000000006,0.8470588235294123,0.8470588235294123
cfg_a6508b3139d9df4d,202608080,10,0.0,0.1,0.75,4,success,0.9981098058128238,0.9879253567508234,0.010184449062000445,0.010308925661647116,,,
cfg_a6508b3139d9df4d,202608081,10,0.0,0.1,0.75,4,success,0.9820049589506494,0.9879253567508234,0.005920397800173949,0.0059927582177316295,,,
cfg_a6508b3139d9df4d,202608082,10,0.0,0.1,0.75,4,success,0.980854767057978,0.9879253567508234,0.007070589692845353,0.007157008011313462,,,
cfg_a6508b3139d9df4d,202608083,10,0.0,0.1,0.75,4,success,0.9871581102297573,0.9879253567508234,0.0007672465210660784,0.0007766239785457748,,,
cfg_a6508b3139d9df4d,202608084,10,0.0,0.1,0.75,4,success,0.9968694432294718,0.9879253567508234,0.008944086478648416,0.00905340309116523,,,
cfg_a7ef878cb7f29113,202608080,2,-0.8,0.1,0.75,4,success,0.5210043912287143,0.5085101912166422,0.012494200012072132,0.024570205726219534,,,
cfg_a7ef878cb7f29113,202608081,2,-0.8,0.1,0.75,4,success,0.4769977443372763,0.5085101912166422,0.031512446879365885,0.061970138305331504,,,
cfg_a7ef878cb7f29113,202608082,2,-0.8,0.1,0.75,4,success,0.49589928440381476,0.5085101912166422,0.01261090681282745,0.024799713025721416,,,
cfg_a7ef878cb7f29113,202608083,2,-0.8,0.1,0.75,4,success,0.5173632408362833,0.5085101912166422,0.008853049619641062,0.01740977815697182,,,
cfg_a7ef878cb7f29113,202608084,2,-0.8,0.1,0.75,4,success,0.5381641771696293,0.5085101912166422,0.029653985952987072,0.05831542113647333,,,
cfg_a82957e967b06937,202608080,5,0.8,1.0,1.0,4,success,1.0,1.0,0.0,0.0,,,
cfg_a82957e967b06937,202608081,5,0.8,1.0,1.0,4,success,1.0,1.0,0.0,0.0,,,
cfg_a82957e967b06937,202608082,5,0.8,1.0,1.0,4,success,1.0,1.0,0.0,0.0,,,
cfg_a82957e967b06937,202608083,5,0.8,1.0,1.0,4,success,1.0,1.0,0.0,0.0,,,
cfg_a82957e967b06937,202608084,5,0.8,1.0,1.0,4,success,1.0,1.0,0.0,0.0,,,
cfg_a87c9a3c0253e25c,202608080,10,-0.4,0.5,1.0,4,success,1.0,1.0,0.0,0.0,,,
cfg_a87c9a3c0253e25c,202608081,10,-0.4,0.5,1.0,4,success,1.0,1.0,0.0,0.0,,,
cfg_a87c9a3c0253e25c,202608082,10,-0.4,0.5,1.0,4,success,1.0,1.0,0.0,0.0,,,
cfg_a87c9a3c0253e25c,202608083,10,-0.4,0.5,1.0,4,success,1.0,1.0,0.0,0.0,,,
cfg_a87c9a3c0253e25c,202608084,10,-0.4,0.5,1.0,4,success,1.0,1.0,0.0,0.0,,,
cfg_a8ed237662be4006,202608080,2,0.8,0.5,1.0,4,success,1.0,1.0,0.0,0.0,,,
cfg_a8ed237662be4006,202608081,2,0.8,0.5,1.0,4,success,1.0,1.0,0.0,0.0,,,
cfg_a8ed237662be4006,202608082,2,0.8,0.5,1.0,4,success,1.0,1.0,0.0,0.0,,,
cfg_a8ed237662be4006,202608083,2,0.8,0.5,1.0,4,success,1.0,1.0,0.0,0.0,,,
cfg_a8ed237662be4006,202608084,2,0.8,0.5,1.0,4,success,1.0,1.0,0.0,0.0,,,
cfg_a8fe6f584a82ec69,202608080,2,-0.8,0.5,0.75,4,success,0.49713736895797744,0.5046923879040668,0.0075550189460893424,0.014969552002685287,,,
cfg_a8fe6f584a82ec69,202608081,2,-0.8,0.5,0.75,4,success,0.5044471240968301,0.5046923879040668,0.00024526380723666197,0.0004859669238428901,,,
cfg_a8fe6f584a82ec69,202608082,2,-0.8,0.5,0.75,4,success,0.5227336915820222,0.5046923879040668,0.018041303677955423,0.035747128568510846,,,
cfg_a8fe6f584a82ec69,202608083,2,-0.8,0.5,0.75,4,success,0.5170864110691928,0.5046923879040668,0.012394023165126056,0.024557578957346872,,,
cfg_a8fe6f584a82ec69,202608084,2,-0.8,0.5,0.75,4,success,0.4960751826584045,0.5046923879040668,0.008617205245662285,0.017074173203698615,,,
cfg_a90f71b5b6f75a7a,202608080,2,0.8,4.0,0.0,4,success,0.5204805274666572,0.5245901639344265,0.004109636467769295,0.007833994516685216,1.2800000000000002,0.7554098360655738,0.7554098360655738
cfg_a90f71b5b6f75a7a,202608081,2,0.8,4.0,0.0,4,success,0.5274291547549191,0.5245901639344265,0.0028389908204926595,0.0054118262515641296,1.2800000000000002,0.7554098360655738,0.7554098360655738
cfg_a90f71b5b6f75a7a,202608082,2,0.8,4.0,0.0,4,success,0.4974636485861056,0.5245901639344265,0.02712651534832089,0.05170991988273667,1.2800000000000002,0.7554098360655738,0.7554098360655738
cfg_a90f71b5b6f75a7a,202608083,2,0.8,4.0,0.0,4,success,0.5290451656493252,0.5245901639344265,0.004455001714898765,0.008492347019025768,1.2800000000000002,0.7554098360655738,0.7554098360655738
cfg_a90f71b5b6f75a7a,202608084,2,0.8,4.0,0.0,4,success,0.5468125768645732,0.5245901639344265,0.022222412930146707,0.04236147464809214,1.2800000000000002,0.7554098360655738,0.7554098360655738
cfg_a9fb55cfb9d1d3ed,202608080,10,0.0,1.0,0.25,4,success,0.3645443066447433,0.35714285714285715,0.007401449501886148,0.020724058605281214,,,
cfg_a9fb55cfb9d1d3ed,202608081,10,0.0,1.0,0.25,4,success,0.34812001760457,0.35714285714285715,0.009022839538287142,0.025263950707203997,,,
cfg_a9fb55cfb9d1d3ed,202608082,10,0.0,1.0,0.25,4,success,0.3629856460342735,0.35714285714285715,0.005842788891416373,0.016359808895965843,,,
cfg_a9fb55cfb9d1d3ed,202608083,10,0.0,1.0,0.25,4,success,0.347205543400247,0.35714285714285715,0.009937313742610143,0.0278244784793084,,,
cfg_a9fb55cfb9d1d3ed,202608084,10,0.0,1.0,0.25,4,success,0.36637402085293597,0.35714285714285715,0.009231163710078816,0.025847258388220683,,,
cfg_ab18733f842809c8,202608080,10,-0.8,0.1,0.0,4,success,5.822496347957271,6.177606177606179,0.35510982964890747,0.057483403674416886,6.400000000000001,0.22239382239382266,0.22239382239382266
cfg_ab18733f842809c8,202608081,10,-0.8,0.1,0.0,4,success,6.3350026763101095,6.177606177606179,0.1573964987039309,0.025478558227698813,6.400000000000001,0.22239382239382266,0.22239382239382266
cfg_ab18733f842809c8,202608082,10,-0.8,0.1,0.0,4,success,6.503818065670025,6.177606177606179,0.32621188806384627,0.052805549380335104,6.400000000000001,0.22239382239382266,0.22239382239382266
cfg_ab18733f842809c8,202608083,10,-0.8,0.1,0.0,4,success,6.18340791028237,6.177606177606179,0.005801732676191662,0.0009391554769585252,6.400000000000001,0.22239382239382266,0.22239382239382266
cfg_ab18733f842809c8,202608084,10,-0.8,0.1,0.0,4,success,5.877443991559064,6.177606177606179,0.30016218604711487,0.04858875386637671,6.400000000000001,0.22239382239382266,0.22239382239382266
cfg_ab3aeff66adc18b3,202608080,10,-0.4,0.1,0.0,4,success,1.4710646363030835,1.4760147601476017,0.004950123844518206,0.0033537089046610843,1.6000000000000003,0.12398523985239862,0.12398523985239862
cfg_ab3aeff66adc18b3,202608081,10,-0.4,0.1,0.0,4,success,1.4570782157920716,1.4760147601476017,0.01893654435553005,0.012829508800871607,1.6000000000000003,0.12398523985239862,0.12398523985239862
cfg_ab3aeff66adc18b3,202608082,10,-0.4,0.1,0.0,4,success,1.419428979525166,1.4760147601476017,0.05658578062243569,0.038336866371700175,1.6000000000000003,0.12398523985239862,0.12398523985239862
cfg_ab3aeff66adc18b3,202608083,10,-0.4,0.1,0.0,4,success,1.4679039537404275,1.4760147601476017,0.00811080640717421,0.005495071340860526,1.6000000000000003,0.12398523985239862,0.12398523985239862
cfg_ab3aeff66adc18b3,202608084,10,-0.4,0.1,0.0,4,success,1.4488838206921018,1.4760147601476017,0.027130939455499936,0.018381211481101205,1.6000000000000003,0.12398523985239862,0.12398523985239862
cfg_acb9ad18a91be347,202608080,5,-0.4,0.1,0.75,4,success,0.7383857993512695,0.7334432774932733,0.004942521857996152,0.006738792227925876,,,
cfg_acb9ad18a91be347,202608081,5,-0.4,0.1,0.75,4,success,0.7226567205106128,0.7334432774932733,0.010786556982660511,0.014706736449376536,,,
cfg_acb9ad18a91be347,202608082,5,-0.4,0.1,0.75,4,success,0.7342382787880307,0.7334432774932733,0.0007950012947574026,0.0010839301676804772,,,
cfg_acb9ad18a91be347,202608083,5,-0.4,0.1,0.75,4,success,0.7235887126297649,0.7334432774932733,0.009854564863508442,0.013436028614494762,,,
cfg_acb9ad18a91be347,202608084,5,-0.4,0.1,0.75,4,success,0.7444746798434818,0.7334432774932733,0.011031402350208497,0.015040566446952907,,,
cfg_acbc7ef8a752092b,202608080,10,0.4,4.0,0.0,4,success,0.36773965873902775,0.3669724770642202,0.0007671816748075488,0.0020905700638505706,1.6000000000000003,1.23302752293578,1.23302752293578
cfg_acbc7ef8a752092b,202608081,10,0.4,4.0,0.0,4,success,0.36250151132458114,0.3669724770642202,0.004470965739639066,0.012183381640516452,1.6000000000000003,1.23302752293578,1.23302752293578
cfg_acbc7ef8a752092b,202608082,10,0.4,4.0,0.0,4,success,0.3739315317541489,0.3669724770642202,0.00695905468992869,0.01896342403005568,1.6000000000000003,1.23302752293578,1.23302752293578
cfg_acbc7ef8a752092b,202608083,10,0.4,4.0,0.0,4,success,0.3776865988795639,0.3669724770642202,0.010714121815343702,0.029195981946811587,1.6000000000000003,1.23302752293578,1.23302752293578
cfg_acbc7ef8a752092b,202608084,10,0.4,4.0,0.0,4,success,0.38345759129441903,0.3669724770642202,0.016485114230198827,0.0449219362772918,1.6000000000000003,1.23302752293578,1.23302752293578
cfg_af05bec318aa7281,202608080,2,0.0,0.5,1.0,4,success,1.0,1.0,0.0,0.0,,,
cfg_af05bec318aa7281,202608081,2,0.0,0.5,1.0,4,success,1.0,1.0,0.0,0.0,,,
cfg_af05bec318aa7281,202608082,2,0.0,0.5,1.0,4,success,1.0,1.0,0.0,0.0,,,
cfg_af05bec318aa7281,202608083,2,0.0,0.5,1.0,4,success,1.0,1.0,0.0,0.0,,,
cfg_af05bec318aa7281,202608084,2,0.0,0.5,1.0,4,success,1.0,1.0,0.0,0.0,,,
cfg_afe70b6b85d6b3bd,202608080,2,0.0,4.0,1.0,4,success,1.0,1.0,0.0,0.0,,,
cfg_afe70b6b85d6b3bd,202608081,2,0.0,4.0,1.0,4,success,1.0,1.0,0.0,0.0,,,
cfg_afe70b6b85d6b3bd,202608082,2,0.0,4.0,1.0,4,success,1.0,1.0,0.0,0.0,,,
cfg_afe70b6b85d6b3bd,202608083,2,0.0,4.0,1.0,4,success,1.0,1.0,0.0,0.0,,,
cfg_afe70b6b85d6b3bd,202608084,2,0.0,4.0,1.0,4,success,1.0,1.0,0.0,0.0,,,
cfg_b0600de9b1be8f80,202608080,2,0.8,0.1,0.75,4,success,1.5046158189483494,1.5171254465223785,0.01250962757402907,0.008245611859391185,,,
cfg_b0600de9b1be8f80,202608081,2,0.8,0.1,0.75,4,success,1.474926883855192,1.5171254465223785,0.04219856266718636,0.0278148143674709,,,
cfg_b0600de9b1be8f80,202608082,2,0.8,0.1,0.75,4,success,1.535219555901342,1.5171254465223785,0.018094109378963497,0.011926574312255857,,,
cfg_b0600de9b1be8f80,202608083,2,0.8,0.1,0.75,4,success,1.5002827834549257,1.5171254465223785,0.016842663067452746,0.011101694395845931,,,
cfg_b0600de9b1be8f80,202608084,2,0.8,0.1,0.75,4,success,1.585660924285329,1.5171254465223785,0.06853547776295055,0.045174562143196914,,,
cfg_b071307580206382,202608080,2,-0.8,4.0,1.0,4,success,1.0,1.0,0.0,0.0,,,
cfg_b071307580206382,202608081,2,-0.8,4.0,1.0,4,success,1.0,1.0,0.0,0.0,,,
cfg_b071307580206382,202608082,2,-0.8,4.0,1.0,4,success,1.0,1.0,0.0,0.0,,,
cfg_b071307580206382,202608083,2,-0.8,4.0,1.0,4,success,1.0,1.0,0.0,0.0,,,
cfg_b071307580206382,202608084,2,-0.8,4.0,1.0,4,success,1.0,1.0,0.0,0.0,,,
cfg_b0c5b3182c6bea6e,202608080,10,-0.8,0.1,0.5,4,success,0.035503530791779876,0.03624501631025732,0.0007414855184774416,0.020457585454792628,,,
cfg_b0c5b3182c6bea6e,202608081,10,-0.8,0.1,0.5,4,success,0.050577208885628354,0.03624501631025732,0.014332192575371036,0.3954251931544871,,,
cfg_b0c5b3182c6bea6e,202608082,10,-0.8,0.1,0.5,4,success,0.05329068545183234,0.03624501631025732,0.017045669141575022,0.47029001161605516,,,
cfg_b0c5b3182c6bea6e,202608083,10,-0.8,0.1,0.5,4,success,0.05137664832437994,0.03624501631025732,0.015131632014122619,0.4174817272696433,,,
cfg_b0c5b3182c6bea6e,202608084,10,-0.8,0.1,0.5,4,success,0.04615740651369866,0.03624501631025732,0.00991239020344134,0.27348284571294673,,,
cfg_b10368d1acec16bb,202608080,20,0.0,1.0,0.5,4,success,0.9138450421300791,0.9090909090909091,0.00475413303917005,0.005229546343087055,,,
cfg_b10368d1acec16bb,202608081,20,0.0,1.0,0.5,4,success,0.8952795011850901,0.9090909090909091,0.013811407905818918,0.01519254869640081,,,
cfg_b10368d1acec16bb,202608082,20,0.0,1.0,0.5,4,success,0.9099680472780501,0.9090909090909091,0.0008771381871410799,0.000964852005855188,,,
cfg_b10368d1acec16bb,202608083,20,0.0,1.0,0.5,4,success,0.9057371010297005,0.9090909090909091,0.003353808061208552,0.003689188867329407,,,
cfg_b10368d1acec16bb,202608084,20,0.0,1.0,0.5,4,success,0.9240865702501483,0.9090909090909091,0.014995661159239226,0.01649522727516315,,,
cfg_b1835ee72bcc45fc,202608080,5,0.4,4.0,0.0,4,success,0.1767182470883266,0.1834862385321101,0.006767991443783511,0.036885553368620136,0.8000000000000002,0.61651376146789,0.61651376146789
cfg_b1835ee72bcc45fc,202608081,5,0.4,4.0,0.0,4,success,0.1864895250907841,0.1834862385321101,0.00300328655867399,0.016367911744773245,0.8000000000000002,0.61651376146789,0.61651376146789
cfg_b1835ee72bcc45fc,202608082,5,0.4,4.0,0.0,4,success,0.17838200574035368,0.1834862385321101,0.0051042327917564245,0.027818068715072513,0.8000000000000002,0.61651376146789,0.61651376146789
cfg_b1835ee72bcc45fc,202608083,5,0.4,4.0,0.0,4,success,0.19082182814558304,0.1834862385321101,0.007335589613472943,0.03997896339342753,0.8000000000000002,0.61651376146789,0.61651376146789
cfg_b1835ee72bcc45fc,202608084,5,0.4,4.0,0.0,4,success,0.18573709895216556,0.1834862385321101,0.002250860420055456,0.012267189289302234,0.8000000000000002,0.61651376146789,0.61651376146789
cfg_b1c337b0db6c308b,202608080,2,0.8,0.1,1.0,4,success,1.0,1.0,0.0,0.0,,,
cfg_b1c337b0db6c308b,202608081,2,0.8,0.1,1.0,4,success,1.0,1.0,0.0,0.0,,,
cfg_b1c337b0db6c308b,202608082,2,0.8,0.1,1.0,4,success,1.0,1.0,0.0,0.0,,,
cfg_b1c337b0db6c308b,202608083,2,0.8,0.1,1.0,4,success,1.0,1.0,0.0,0.0,,,
cfg_b1c337b0db6c308b,202608084,2,0.8,0.1,1.0,4,success,1.0,1.0,0.0,0.0,,,
cfg_b22e17f187edadbc,202608080,10,-0.8,0.5,0.25,4,success,0.8791580524012594,0.9505334626576145,0.07137541025635508,0.07508984487173678,,,
cfg_b22e17f187edadbc,202608081,10,-0.8,0.5,0.25,4,success,0.9761307723490613,0.9505334626576145,0.0255973096914468,0.02692941458355269,,,
cfg_b22e17f187edadbc,202608082,10,-0.8,0.5,0.25,4,success,0.9855803882237504,0.9505334626576145,0.03504692556613587,0.036870796182332716,,,
cfg_b22e17f187edadbc,202608083,10,-0.8,0.5,0.25,4,success,0.9797009113739211,0.9505334626576145,0.02916744871630661,0.030685346557665406,,,
cfg_b22e17f187edadbc,202608084,10,-0.8,0.5,0.25,4,success,0.946287035866204,0.9505334626576145,0.004246426791410518,0.004467414308106369,,,
cfg_b300d96c1ee19d9e,202608080,10,-0.4,0.5,0.75,4,success,0.7376035469096847,0.7394443229052725,0.001840775995587851,0.002489404460305345,,,
cfg_b300d96c1ee19d9e,202608081,10,-0.4,0.5,0.75,4,success,0.7301106556854446,0.7394443229052725,0.009333667219827868,0.01262254226681455,,,
cfg_b300d96c1ee19d9e,202608082,10,-0.4,0.5,0.75,4,success,0.7394162325791525,0.7394443229052725,2.809032612005602e-05,3.7988426241058e-05,,,
cfg_b300d96c1ee19d9e,202608083,10,-0.4,0.5,0.75,4,success,0.7331674175374298,0.7394443229052725,0.0062769053678427555,0.008488678827340009,,,
cfg_b300d96c1ee19d9e,202608084,10,-0.4,0.5,0.75,4,success,0.7243468828720838,0.7394443229052725,0.015097440033188692,0.020417277630682098,,,
cfg_b347510cd99e4143,202608080,20,0.0,0.5,0.75,4,success,0.9888480277106068,0.9917355371900826,0.0028875094794758027,0.0029115720584714346,,,
cfg_b347510cd99e4143,202608081,20,0.0,0.5,0.75,4,success,0.9878870301370546,0.9917355371900826,0.003848507053027972,0.0038805779451365385,,,
cfg_b347510cd99e4143,202608082,20,0.0,0.5,0.75,4,success,0.9897961031832329,0.9917355371900826,0.0019394340068497051,0.001955595956906786,,,
cfg_b347510cd99e4143,202608083,20,0.0,0.5,0.75,4,success,0.9840905914627434,0.9917355371900826,0.007644945727339203,0.007708653608400363,,,
cfg_b347510cd99e4143,202608084,20,0.0,0.5,0.75,4,success,0.9873612906938393,0.9917355371900826,0.004374246496243295,0.004410698550378656,,,
cfg_b3a5932053228810,202608080,5,-0.4,1.0,0.25,4,success,0.011808255553350596,0.009276437847866437,0.0025318177054841594,0.27292994865119186,,,
cfg_b3a5932053228810,202608081,5,-0.4,1.0,0.25,4,success,0.010677021929263782,0.009276437847866437,0.0014005840813973453,0.15098296397463354,,,
cfg_b3a5932053228810,202608082,5,-0.4,1.0,0.25,4,success,0.009920696242922402,0.009276437847866437,0.0006442583950559654,0.06945105498703293,,,
cfg_b3a5932053228810,202608083,5,-0.4,1.0,0.25,4,success,0.010709825381458777,0.009276437847866437,0.00143338753359234,0.15451917612125396,,,
cfg_b3a5932053228810,202608084,5,-0.4,1.0,0.25,4,success,0.011869504725451998,0.009276437847866437,0.0025930668775855613,0.279532609403723,,,
cfg_b3faab80997aab1c,202608080,2,0.8,4.0,0.5,4,success,1.482104686043077,1.4594594594594597,0.02264522658361745,0.0155161737702564,,,
cfg_b3faab80997aab1c,202608081,2,0.8,4.0,0.5,4,success,1.4554239297706895,1.4594594594594597,0.00403552968877019,0.0027650851571203146,,,
cfg_b3faab80997aab1c,202608082,2,0.8,4.0,0.5,4,success,1.419523546733145,1.4594594594594597,0.03993591272631458,0.027363495756919248,,,
cfg_b3faab80997aab1c,202608083,2,0.8,4.0,0.5,4,success,1.503689104410056,1.4594594594594597,0.044229644950596336,0.03030549746614934,,,
cfg_b3faab80997aab1c,202608084,2,0.8,4.0,0.5,4,success,1.4871560939589554,1.4594594594594597,0.027696634499495776,0.0189773236385434,,,
cfg_b3fd1f436f2a8e86,202608080,10,-0.8,1.0,0.5,4,success,0.03412080238489039,0.035211267605633784,0.0010904652207433946,0.030969212269112423,,,
cfg_b3fd1f436f2a8e86,202608081,10,-0.8,1.0,0.5,4,success,0.040591662552151055,0.035211267605633784,0.005380394946517271,0.15280321648109058,,,
cfg_b3fd1f436f2a8e86,202608082,10,-0.8,1.0,0.5,4,success,0.036238060668112713,0.035211267605633784,0.0010267930624789298,0.029160922974401624,,,
cfg_b3fd1f436f2a8e86,202608083,10,-0.8,1.0,0.5,4,success,0.031756316014943414,0.035211267605633784,0.0034549515906903694,0.09812062517560655,,,
cfg_b3fd1f436f2a8e86,202608084,10,-0.8,1.0,0.5,4,success,0.036339920803733314,0.035211267605633784,0.0011286531980995301,0.032053750826026677,,,
cfg_b4b21700348420a7,202608080,20,0.4,0.5,0.0,4,success,2.3469171390340167,2.2535211267605635,0.09339601227345318,0.04144448044634485,3.2000000000000006,0.9464788732394371,0.9464788732394371
cfg_b4b21700348420a7,202608081,20,0.4,0.5,0.0,4,success,2.323620533352175,2.2535211267605635,0.0700994065916114,0.031106611675027557,3.2000000000000006,0.9464788732394371,0.9464788732394371
cfg_b4b21700348420a7,202608082,20,0.4,0.5,0.0,4,success,2.225457170224005,2.2535211267605635,0.028063956536558354,0.012453380713097768,3.2000000000000006,0.9464788732394371,0.9464788732394371
cfg_b4b21700348420a7,202608083,20,0.4,0.5,0.0,4,success,2.323214248679248,2.2535211267605635,0.06969312191868449,0.03092632285141624,3.2000000000000006,0.9464788732394371,0.9464788732394371
cfg_b4b21700348420a7,202608084,20,0.4,0.5,0.0,4,success,2.2738507458771187,2.2535211267605635,0.020329619116555175,0.009021268482971358,3.2000000000000006,0.9464788732394371,0.9464788732394371
cfg_b4cbc0314896479d,202608080,2,-0.4,4.0,0.25,4,success,0.002518965832481776,0.0019398642095053383,0.0005791016229764376,0.298526886644353,,,
cfg_b4cbc0314896479d,202608081,2,-0.4,4.0,0.25,4,success,0.0021490831912938254,0.0019398642095053383,0.00020921898178848704,0.10785238511196486,,,
cfg_b4cbc0314896479d,202608082,2,-0.4,4.0,0.25,4,success,0.001375311792004004,0.0019398642095053383,0.0005645524175013344,0.2910267712219373,,,
cfg_b4cbc0314896479d,202608083,2,-0.4,4.0,0.25,4,success,0.0019061714880201754,0.0019398642095053383,3.369272148516294e-05,0.017368597925601463,,,
cfg_b4cbc0314896479d,202608084,2,-0.4,4.0,0.25,4,success,0.0015876442524195896,0.0019398642095053383,0.00035221995708574873,0.18156938787770313,,,
cfg_b5f845cdd871c237,202608080,5,-0.8,0.5,0.25,4,success,0.6381012987418256,0.6274007682458391,0.010700530495986516,0.01705533534156217,,,
cfg_b5f845cdd871c237,202608081,5,-0.8,0.5,0.25,4,success,0.5933236162944653,0.6274007682458391,0.03407715195137384,0.05431480749800602,,,
cfg_b5f845cdd871c237,202608082,5,-0.8,0.5,0.25,4,success,0.5920832954275026,0.6274007682458391,0.035317472818336526,0.056291727083920017,,,
cfg_b5f845cdd871c237,202608083,5,-0.8,0.5,0.25,4,success,0.6097756472250477,0.6274007682458391,0.01762512102079139,0.028092284729057275,,,
cfg_b5f845cdd871c237,202608084,5,-0.8,0.5,0.25,4,success,0.5728079838818827,0.6274007682458391,0.054592784363956426,0.08701421344540804,,,
cfg_b6699ed042e527ad,202608080,5,0.8,0.5,1.0,4,success,1.0,1.0,0.0,0.0,,,
cfg_b6699ed042e527ad,202608081,5,0.8,0.5,1.0,4,success,1.0,1.0,0.0,0.0,,,
cfg_b6699ed042e527ad,202608082,5,0.8,0.5,1.0,4,success,1.0,1.0,0.0,0.0,,,
cfg_b6699ed042e527ad,202608083,5,0.8,0.5,1.0,4,success,1.0,1.0,0.0,0.0,,,
cfg_b6699ed042e527ad,202608084,5,0.8,0.5,1.0,4,success,1.0,1.0,0.0,0.0,,,
cfg_b7e97e7e523ba656,202608080,20,-0.4,1.0,0.0,4,success,1.7549240102944508,1.739130434782609,0.015793575511841684,0.009081305919308967,3.2000000000000006,1.4608695652173915,1.4608695652173915
cfg_b7e97e7e523ba656,202608081,20,-0.4,1.0,0.0,4,success,1.6979143197543753,1.739130434782609,0.041216115028233746,0.0236992661412344,3.2000000000000006,1.4608695652173915,1.4608695652173915
cfg_b7e97e7e523ba656,202608082,20,-0.4,1.0,0.0,4,success,1.6834812086049553,1.739130434782609,0.05564922617765378,0.03199830505215091,3.2000000000000006,1.4608695652173915,1.4608695652173915
cfg_b7e97e7e523ba656,202608083,20,-0.4,1.0,0.0,4,success,1.789739998001963,1.739130434782609,0.05060956321935395,0.029100498851128514,3.2000000000000006,1.4608695652173915,1.4608695652173915
cfg_b7e97e7e523ba656,202608084,20,-0.4,1.0,0.0,4,success,1.7707238573213775,1.739130434782609,0.0315934225387684,0.018166217959791828,3.2000000000000006,1.4608695652173915,1.4608695652173915
cfg_b83abbfcacfcee7d,202608080,20,0.8,0.1,0.75,4,success,1.615501746748767,1.5952628206544555,0.020238926094311438,0.012686891358759576,,,
cfg_b83abbfcacfcee7d,202608081,20,0.8,0.1,0.75,4,success,1.6100596999492114,1.5952628206544555,0.014796879294755927,0.009275511911376157,,,
cfg_b83abbfcacfcee7d,202608082,20,0.8,0.1,0.75,4,success,1.5884424104403763,1.5952628206544555,0.006820410214079198,0.00427541476286718,,,
cfg_b83abbfcacfcee7d,202608083,20,0.8,0.1,0.75,4,success,1.6143523781577291,1.5952628206544555,0.01908955750327368,0.011966402812197555,,,
cfg_b83abbfcacfcee7d,202608084,20,0.8,0.1,0.75,4,success,1.6051675896116702,1.5952628206544555,0.009904768957214705,0.006208863410451251,,,
cfg_b8629d22fd4d8089,202608080,5,0.4,4.0,0.5,4,success,1.0512181211559681,1.0470085470085468,0.004209574147421291,0.004020572859169723,,,
cfg_b8629d22fd4d8089,202608081,5,0.4,4.0,0.5,4,success,1.050001496600225,1.0470085470085468,0.0029929495916780624,0.002858572263072109,,,
cfg_b8629d22fd4d8089,202608082,5,0.4,4.0,0.5,4,success,1.0617319649551211,1.0470085470085468,0.01472341794657428,0.014062366528564825,,,
cfg_b8629d22fd4d8089,202608083,5,0.4,4.0,0.5,4,success,1.0418438963107322,1.0470085470085468,0.005164650697814688,0.004932768421586274,,,
cfg_b8629d22fd4d8089,202608084,5,0.4,4.0,0.5,4,success,1.0756350435809514,1.0470085470085468,0.02862649657240457,0.027341225297725185,,,
cfg_b8695f76d8f3d2e3,202608080,20,-0.4,1.0,0.5,4,success,0.3371259884157311,0.3296703296703296,0.007455658745401494,0.022615498194384537,,,
cfg_b8695f76d8f3d2e3,202608081,20,-0.4,1.0,0.5,4,success,0.333984282650038,0.3296703296703296,0.00431395297970838,0.013085657371782088,,,
cfg_b8695f76d8f3d2e3,202608082,20,-0.4,1.0,0.5,4,success,0.34379280485909736,0.3296703296703296,0.014122475188767747,0.04283817473926217,,,
cfg_b8695f76d8f3d2e3,202608083,20,-0.4,1.0,0.5,4,success,0.3338829734969412,0.3296703296703296,0.004212643826611573,0.012778352940721773,,,
cfg_b8695f76d8f3d2e3,202608084,20,-0.4,1.0,0.5,4,success,0.32725336571328073,0.3296703296703296,0.002416963957048879,0.0073314573363816,,,
cfg_b8aa936c6b103b2e,202608080,10,0.4,0.1,0.25,4,success,2.375655964033406,2.44988864142539,0.07423267739198414,0.030300429226364427,,,
cfg_b8aa936c6b103b2e,202608081,10,0.4,0.1,0.25,4,success,2.481238978423992,2.44988864142539,0.03135033699860168,0.012796637556701957,,,
cfg_b8aa936c6b103b2e,202608082,10,0.4,0.1,0.25,4,success,2.4328281337015194,2.44988864142539,0.0170605077238708,0.006963789061834534,,,
cfg_b8aa936c6b103b2e,202608083,10,0.4,0.1,0.25,4,success,2.2771509901824665,2.44988864142539,0.17273765124292373,0.0705083685527934,,,
cfg_b8aa936c6b103b2e,202608084,10,0.4,0.1,0.25,4,success,2.4290668979609147,2.44988864142539,0.020821743464475517,0.008499057105045005,,,
cfg_b95e14c79e5de636,202608080,10,0.4,0.1,1.0,4,success,1.0,1.0,0.0,0.0,,,
cfg_b95e14c79e5de636,202608081,10,0.4,0.1,1.0,4,success,1.0,1.0,0.0,0.0,,,
cfg_b95e14c79e5de636,202608082,10,0.4,0.1,1.0,4,success,1.0,1.0,0.0,0.0,,,
cfg_b95e14c79e5de636,202608083,10,0.4,0.1,1.0,4,success,1.0,1.0,0.0,0.0,,,
cfg_b95e14c79e5de636,202608084,10,0.4,0.1,1.0,4,success,1.0,1.0,0.0,0.0,,,
cfg_ba0188cb2c6bee00,202608080,10,-0.8,0.5,1.0,4,success,1.0,1.0,0.0,0.0,,,
cfg_ba0188cb2c6bee00,202608081,10,-0.8,0.5,1.0,4,success,1.0,1.0,0.0,0.0,,,
cfg_ba0188cb2c6bee00,202608082,10,-0.8,0.5,1.0,4,success,1.0,1.0,0.0,0.0,,,
cfg_ba0188cb2c6bee00,202608083,10,-0.8,0.5,1.0,4,success,1.0,1.0,0.0,0.0,,,
cfg_ba0188cb2c6bee00,202608084,10,-0.8,0.5,1.0,4,success,1.0,1.0,0.0,0.0,,,
cfg_bb8d423a00ae3761,202608080,10,-0.8,4.0,0.75,4,success,0.5243564321685181,0.5235828645607963,0.0007735676077218478,0.0014774501995414794,,,
cfg_bb8d423a00ae3761,202608081,10,-0.8,4.0,0.75,4,success,0.52548257910479,0.5235828645607963,0.0018997145439937357,0.0036282977778260518,,,
cfg_bb8d423a00ae3761,202608082,10,-0.8,4.0,0.75,4,success,0.5221410072072293,0.5235828645607963,0.0014418573535669443,0.0027538283835481054,,,
cfg_bb8d423a00ae3761,202608083,10,-0.8,4.0,0.75,4,success,0.5217508921395035,0.5235828645607963,0.001831972421292738,0.0034989159219896834,,,
cfg_bb8d423a00ae3761,202608084,10,-0.8,4.0,0.75,4,success,0.5224585701237704,0.5235828645607963,0.0011242944370258856,0.0021473094578238192,,,
cfg_bcb5a37e88657ec6,202608080,20,0.4,0.5,0.25,4,success,2.96708738903848,2.9530201342281885,0.014067254810291363,0.004763684015303211,,,
cfg_bcb5a37e88657ec6,202608081,20,0.4,0.5,0.25,4,success,2.876084048695529,2.9530201342281885,0.07693608553265951,0.026053356237196058,,,
cfg_bcb5a37e88657ec6,202608082,20,0.4,0.5,0.25,4,success,2.930668861460636,2.9530201342281885,0.022351272767552555,0.007568953732648477,,,
cfg_bcb5a37e88657ec6,202608083,20,0.4,0.5,0.25,4,success,3.0432307666876235,2.9530201342281885,0.09021063245943495,0.030548600537399554,,,
cfg_bcb5a37e88657ec6,202608084,20,0.4,0.5,0.25,4,success,2.977720538715327,2.9530201342281885,0.024700404487138616,0.008364455155871938,,,
cfg_bcc77c054acd1750,202608080,10,-0.4,0.1,0.75,4,success,0.72459488213437,0.7421720609547232,0.017577178820353256,0.023683428338358813,,,
cfg_bcc77c054acd1750,202608081,10,-0.4,0.1,0.75,4,success,0.7462353152087827,0.7421720609547232,0.004063254254059512,0.005474814356165037,,,
cfg_bcc77c054acd1750,202608082,10,-0.4,0.1,0.75,4,success,0.7199514826635685,0.7421720609547232,0.022220578291154758,0.029939928299874848,,,
cfg_bcc77c054acd1750,202608083,10,-0.4,0.1,0.75,4,success,0.7496234804748392,0.7421720609547232,0.007451419520115965,0.01004001620666039,,,
cfg_bcc77c054acd1750,202608084,10,-0.4,0.1,0.75,4,success,0.7321990773710805,0.7421720609547232,0.009972983583642736,0.013437562673557913,,,
cfg_bd5868b67e6d50ba,202608080,10,0.8,4.0,0.5,4,success,2.6522139437552763,2.604501607717042,0.047712336038234326,0.018319180873939352,,,
cfg_bd5868b67e6d50ba,202608081,10,0.8,4.0,0.5,4,success,2.627570472182889,2.604501607717042,0.023068864465847216,0.008857304751701833,,,
cfg_bd5868b67e6d50ba,202608082,10,0.8,4.0,0.5,4,success,2.6255256987137874,2.604501607717042,0.021024090996745404,0.008072212716034345,,,
cfg_bd5868b67e6d50ba,202608083,10,0.8,4.0,0.5,4,success,2.6506036241494257,2.604501607717042,0.04610201643238376,0.01770089766724858,,,
cfg_bd5868b67e6d50ba,202608084,10,0.8,4.0,0.5,4,success,2.5455062284138115,2.604501607717042,0.05899537930323051,0.022651312300376158,,,
cfg_bda5b28cd312f1e9,202608080,10,-0.4,0.5,0.0,4,success,1.1573162117259723,1.1267605633802817,0.030555648345690578,0.027118137906800385,1.6000000000000003,0.47323943661971857,0.47323943661971857
cfg_bda5b28cd312f1e9,202608081,10,-0.4,0.5,0.0,4,success,1.076468564956843,1.1267605633802817,0.05029199842343868,0.04463414860080182,1.6000000000000003,0.47323943661971857,0.47323943661971857
cfg_bda5b28cd312f1e9,202608082,10,-0.4,0.5,0.0,4,success,1.2234760622158265,1.1267605633802817,0.09671549883554476,0.08583500521654597,1.6000000000000003,0.47323943661971857,0.47323943661971857
cfg_bda5b28cd312f1e9,202608083,10,-0.4,0.5,0.0,4,success,1.1015939768257574,1.1267605633802817,0.025166586554524306,0.02233534556714032,1.6000000000000003,0.47323943661971857,0.47323943661971857
cfg_bda5b28cd312f1e9,202608084,10,-0.4,0.5,0.0,4,success,1.1461985417821439,1.1267605633802817,0.01943797840186212,0.01725120583165263,1.6000000000000003,0.47323943661971857,0.47323943661971857
cfg_bfb64d26430b6438,202608080,10,0.4,1.0,1.0,4,success,1.0,1.0,0.0,0.0,,,
cfg_bfb64d26430b6438,202608081,10,0.4,1.0,1.0,4,success,1.0,1.0,0.0,0.0,,,
cfg_bfb64d26430b6438,202608082,10,0.4,1.0,1.0,4,success,1.0,1.0,0.0,0.0,,,
cfg_bfb64d26430b6438,202608083,10,0.4,1.0,1.0,4,success,1.0,1.0,0.0,0.0,,,
cfg_bfb64d26430b6438,202608084,10,0.4,1.0,1.0,4,success,1.0,1.0,0.0,0.0,,,
cfg_c1d9089ceb618a43,202608080,20,-0.8,0.1,1.0,4,success,1.0,1.0,0.0,0.0,,,
cfg_c1d9089ceb618a43,202608081,20,-0.8,0.1,1.0,4,success,1.0,1.0,0.0,0.0,,,
cfg_c1d9089ceb618a43,202608082,20,-0.8,0.1,1.0,4,success,1.0,1.0,0.0,0.0,,,
cfg_c1d9089ceb618a43,202608083,20,-0.8,0.1,1.0,4,success,1.0,1.0,0.0,0.0,,,
cfg_c1d9089ceb618a43,202608084,20,-0.8,0.1,1.0,4,success,1.0,1.0,0.0,0.0,,,
cfg_c259bd1340cf2600,202608080,10,-0.8,0.1,0.25,4,success,1.089892571844686,1.0142827571931283,0.07560981465155758,0.07454510501666826,,,
cfg_c259bd1340cf2600,202608081,10,-0.8,0.1,0.25,4,success,0.9454362914578179,1.0142827571931283,0.06884646573531039,0.06787699509536414,,,
cfg_c259bd1340cf2600,202608082,10,-0.8,0.1,0.25,4,success,1.2782620946625323,1.0142827571931283,0.26397933746940394,0.26026207741116114,,,
cfg_c259bd1340cf2600,202608083,10,-0.8,0.1,0.25,4,success,1.0382332710356814,1.0142827571931283,0.02395051384255309,0.023613251504770186,,,
cfg_c259bd1340cf2600,202608084,10,-0.8,0.1,0.25,4,success,1.086215654012733,1.0142827571931283,0.07193289681960469,0.07091996419092042,,,
cfg_c281ac14cebec636,202608080,10,-0.4,1.0,0.5,4,success,0.30150529159469747,0.304054054054054,0.002548762459356535,0.008382596532994828,,,
cfg_c281ac14cebec636,202608081,10,-0.4,1.0,0.5,4,success,0.2989677572903791,0.304054054054054,0.005086296763674891,0.016728264911641866,,,
cfg_c281ac14cebec636,202608082,10,-0.4,1.0,0.5,4,success,0.31434534052965984,0.304054054054054,0.010291286475605843,0.03384689774199256,,,
cfg_c281ac14cebec636,202608083,10,-0.4,1.0,0.5,4,success,0.31639430636190796,0.304054054054054,0.01234025230785396,0.040585718701386365,,,
cfg_c281ac14cebec636,202608084,10,-0.4,1.0,0.5,4,success,0.3150120313743265,0.304054054054054,0.010957977320272483,0.036039569853340614,,,
cfg_c39844532d0dba52,202608080,5,0.4,1.0,1.0,4,success,1.0,1.0,0.0,0.0,,,
cfg_c39844532d0dba52,202608081,5,0.4,1.0,1.0,4,success,1.0,1.0,0.0,0.0,,,
cfg_c39844532d0dba52,202608082,5,0.4,1.0,1.0,4,success,1.0,1.0,0.0,0.0,,,
cfg_c39844532d0dba52,202608083,5,0.4,1.0,1.0,4,success,1.0,1.0,0.0,0.0,,,
cfg_c39844532d0dba52,202608084,5,0.4,1.0,1.0,4,success,1.0,1.0,0.0,0.0,,,
cfg_c48554595925ff6a,202608080,2,-0.8,4.0,0.75,4,success,0.4751285680133399,0.47358121330724084,0.0015473547060990689,0.0032673481603992726,,,
cfg_c48554595925ff6a,202608081,2,-0.8,4.0,0.75,4,success,0.47908821917646444,0.47358121330724084,0.005507005869223591,0.011628429748649811,,,
cfg_c48554595925ff6a,202608082,2,-0.8,4.0,0.75,4,success,0.4760889290903796,0.47358121330724084,0.002507715783138742,0.005295218037949987,,,
cfg_c48554595925ff6a,202608083,2,-0.8,4.0,0.75,4,success,0.4782950119308593,0.47358121330724084,0.0047137986236184815,0.009953516928384476,,,
cfg_c48554595925ff6a,202608084,2,-0.8,4.0,0.75,4,success,0.46844799155283484,0.47358121330724084,0.005133221754406003,0.01083915833265069,,,
cfg_c8e4171ff3af7ffd,202608080,2,0.0,1.0,1.0,4,success,1.0,1.0,0.0,0.0,,,
cfg_c8e4171ff3af7ffd,202608081,2,0.0,1.0,1.0,4,success,1.0,1.0,0.0,0.0,,,
cfg_c8e4171ff3af7ffd,202608082,2,0.0,1.0,1.0,4,success,1.0,1.0,0.0,0.0,,,
cfg_c8e4171ff3af7ffd,202608083,2,0.0,1.0,1.0,4,success,1.0,1.0,0.0,0.0,,,
cfg_c8e4171ff3af7ffd,202608084,2,0.0,1.0,1.0,4,success,1.0,1.0,0.0,0.0,,,
cfg_c9074ae3f64c0516,202608080,2,-0.4,1.0,1.0,4,success,1.0,1.0,0.0,0.0,,,
cfg_c9074ae3f64c0516,202608081,2,-0.4,1.0,1.0,4,success,1.0,1.0,0.0,0.0,,,
cfg_c9074ae3f64c0516,202608082,2,-0.4,1.0,1.0,4,success,1.0,1.0,0.0,0.0,,,
cfg_c9074ae3f64c0516,202608083,2,-0.4,1.0,1.0,4,success,1.0,1.0,0.0,0.0,,,
cfg_c9074ae3f64c0516,202608084,2,-0.4,1.0,1.0,4,success,1.0,1.0,0.0,0.0,,,
cfg_ca347fce371f1942,202608080,2,0.4,0.5,1.0,4,success,1.0,1.0,0.0,0.0,,,
cfg_ca347fce371f1942,202608081,2,0.4,0.5,1.0,4,success,1.0,1.0,0.0,0.0,,,
cfg_ca347fce371f1942,202608082,2,0.4,0.5,1.0,4,success,1.0,1.0,0.0,0.0,,,
cfg_ca347fce371f1942,202608083,2,0.4,0.5,1.0,4,success,1.0,1.0,0.0,0.0,,,
cfg_ca347fce371f1942,202608084,2,0.4,0.5,1.0,4,success,1.0,1.0,0.0,0.0,,,
cfg_caca8b5637b90d21,202608080,5,0.0,0.5,1.0,4,success,1.0,1.0,0.0,0.0,,,
cfg_caca8b5637b90d21,202608081,5,0.0,0.5,1.0,4,success,1.0,1.0,0.0,0.0,,,
cfg_caca8b5637b90d21,202608082,5,0.0,0.5,1.0,4,success,1.0,1.0,0.0,0.0,,,
cfg_caca8b5637b90d21,202608083,5,0.0,0.5,1.0,4,success,1.0,1.0,0.0,0.0,,,
cfg_caca8b5637b90d21,202608084,5,0.0,0.5,1.0,4,success,1.0,1.0,0.0,0.0,,,
cfg_cb0d166ae500a29e,202608080,2,0.8,0.1,0.5,4,success,2.041284578601048,2.1343873517786562,0.09310277317760818,0.043620373359138646,,,
cfg_cb0d166ae500a29e,202608081,2,0.8,0.1,0.5,4,success,2.06148883544004,2.1343873517786562,0.07289851633861621,0.03415430487716648,,,
cfg_cb0d166ae500a29e,202608082,2,0.8,0.1,0.5,4,success,2.2140558025216186,2.1343873517786562,0.07966845074296236,0.03732614451475829,,,
cfg_cb0d166ae500a29e,202608083,2,0.8,0.1,0.5,4,success,2.273441577994173,2.1343873517786562,0.13905422621551677,0.06514948006023286,,,
cfg_cb0d166ae500a29e,202608084,2,0.8,0.1,0.5,4,success,2.0093647216105426,2.1343873517786562,0.12502263016811366,0.05857541746765325,,,
cfg_cbd690793d773656,202608080,20,-0.4,0.1,0.0,4,success,3.27097936821041,2.9520295202952034,0.3189498479152064,0.10804426098127616,3.2000000000000006,0.24797047970479724,0.24797047970479724
cfg_cbd690793d773656,202608081,20,-0.4,0.1,0.0,4,success,3.0570235079253183,2.9520295202952034,0.10499398763011492,0.035566713309701424,3.2000000000000006,0.24797047970479724,0.24797047970479724
cfg_cbd690793d773656,202608082,20,-0.4,0.1,0.0,4,success,2.799820179151555,2.9520295202952034,0.15220934114364848,0.051560914312410916,3.2000000000000006,0.24797047970479724,0.24797047970479724
cfg_cbd690793d773656,202608083,20,-0.4,0.1,0.0,4,success,3.008644772704039,2.9520295202952034,0.05661525240883547,0.01917841675349301,3.2000000000000006,0.24797047970479724,0.24797047970479724
cfg_cbd690793d773656,202608084,20,-0.4,0.1,0.0,4,success,3.1707660581161785,2.9520295202952034,0.21873653782097513,0.07409700218685532,3.2000000000000006,0.24797047970479724,0.24797047970479724
cfg_cbdd0e97e366986a,202608080,10,-0.4,1.0,0.25,4,success,0.018199335891650997,0.01506024096385545,0.0031390949277955472,0.20843590320562397,,,
cfg_cbdd0e97e366986a,202608081,10,-0.4,1.0,0.25,4,success,0.013112409991443644,0.01506024096385545,0.001947830972411805,0.1293359765681436,,,
cfg_cbdd0e97e366986a,202608082,10,-0.4,1.0,0.25,4,success,0.01299639416435418,0.01506024096385545,0.00206384679950127,0.13703942748688408,,,
cfg_cbdd0e97e366986a,202608083,10,-0.4,1.0,0.25,4,success,0.011497484568455736,0.01506024096385545,0.0035627563953997132,0.23656702465454052,,,
cfg_cbdd0e97e366986a,202608084,10,-0.4,1.0,0.25,4,success,0.014206930756757021,0.01506024096385545,0.0008533102070984282,0.056659797751335526,,,
cfg_cc18585dc85048f8,202608080,5,-0.4,4.0,0.25,4,success,0.004304342512421183,0.004520795660036175,0.0002164531476149924,0.04787943625243623,,,
cfg_cc18585dc85048f8,202608081,5,-0.4,4.0,0.25,4,success,0.004245008892237642,0.004520795660036175,0.00027578676779853317,0.061004033037035416,,,
cfg_cc18585dc85048f8,202608082,5,-0.4,4.0,0.25,4,success,0.004283149854286418,0.004520795660036175,0.00023764580574975758,0.05256725223184627,,,
cfg_cc18585dc85048f8,202608083,5,-0.4,4.0,0.25,4,success,0.004551555294374161,0.004520795660036175,3.075963433798578e-05,0.006804031115562441,,,
cfg_cc18585dc85048f8,202608084,5,-0.4,4.0,0.25,4,success,0.004696274256187347,0.004520795660036175,0.00017547859615117158,0.03881586546863908,,,
cfg_cc88024c2359d04b,202608080,2,-0.8,0.5,0.5,4,success,0.0223070497025942,0.025157232704402507,0.002850183001808306,0.11329477432188022,,,
cfg_cc88024c2359d04b,202608081,2,-0.8,0.5,0.5,4,success,0.02209987240571341,0.025157232704402507,0.0030573602986890963,0.12153007187289162,,,
cfg_cc88024c2359d04b,202608082,2,-0.8,0.5,0.5,4,success,0.027381576228284008,0.025157232704402507,0.002224343523881501,0.08841765507428968,,,
cfg_cc88024c2359d04b,202608083,2,-0.8,0.5,0.5,4,success,0.020353428763457686,0.025157232704402507,0.004803803940944821,0.1909512066525567,,,
cfg_cc88024c2359d04b,202608084,2,-0.8,0.5,0.5,4,success,0.024283939391813173,0.025157232704402507,0.0008732933125893336,0.03471340917542602,,,
cfg_cc8bacd85127cf7f,202608080,10,-0.8,4.0,1.0,4,success,1.0,1.0,0.0,0.0,,,
cfg_cc8bacd85127cf7f,202608081,10,-0.8,4.0,1.0,4,success,1.0,1.0,0.0,0.0,,,
cfg_cc8bacd85127cf7f,202608082,10,-0.8,4.0,1.0,4,success,1.0,1.0,0.0,0.0,,,
cfg_cc8bacd85127cf7f,202608083,10,-0.8,4.0,1.0,4,success,1.0,1.0,0.0,0.0,,,
cfg_cc8bacd85127cf7f,202608084,10,-0.8,4.0,1.0,4,success,1.0,1.0,0.0,0.0,,,
cfg_cd4d34c8af64db74,202608080,20,-0.8,1.0,0.25,4,success,1.2449395322724117,1.215880893300249,0.029058638972162765,0.02389924797098283,,,
cfg_cd4d34c8af64db74,202608081,20,-0.8,1.0,0.25,4,success,1.244373949357725,1.215880893300249,0.028493056057476096,0.0234340848799242,,,
cfg_cd4d34c8af64db74,202608082,20,-0.8,1.0,0.25,4,success,1.233618448720168,1.215880893300249,0.01773755541991906,0.014588234355566073,,,
cfg_cd4d34c8af64db74,202608083,20,-0.8,1.0,0.25,4,success,1.250575469668203,1.215880893300249,0.03469457636795403,0.028534518931194828,,,
cfg_cd4d34c8af64db74,202608084,20,-0.8,1.0,0.25,4,success,1.2274213360798378,1.215880893300249,0.011540442779588878,0.009491425388110847,,,
cfg_cd961c7100bbba3c,202608080,10,0.4,1.0,0.25,4,success,1.8111177610999383,1.8222891566265065,0.011171395526568206,0.006130418702182882,,,
cfg_cd961c7100bbba3c,202608081,10,0.4,1.0,0.25,4,success,1.8711610029615056,1.8222891566265065,0.04887184633499908,0.02681893055077635,,,
cfg_cd961c7100bbba3c,202608082,10,0.4,1.0,0.25,4,success,1.8395292386681161,1.8222891566265065,0.01724008204160965,0.009460673120354384,,,
cfg_cd961c7100bbba3c,202608083,10,0.4,1.0,0.25,4,success,1.8499565200784025,1.8222891566265065,0.02766736345189602,0.015182751514098309,,,
cfg_cd961c7100bbba3c,202608084,10,0.4,1.0,0.25,4,success,1.8248018571718687,1.8222891566265065,0.002512700545362234,0.0013788703819177877,,,
cfg_ce55fdbb4a3ddb9f,202608080,20,-0.4,0.5,1.0,4,success,1.0,1.0,0.0,0.0,,,
cfg_ce55fdbb4a3ddb9f,202608081,20,-0.4,0.5,1.0,4,success,1.0,1.0,0.0,0.0,,,
cfg_ce55fdbb4a3ddb9f,202608082,20,-0.4,0.5,1.0,4,success,1.0,1.0,0.0,0.0,,,
cfg_ce55fdbb4a3ddb9f,202608083,20,-0.4,0.5,1.0,4,success,1.0,1.0,0.0,0.0,,,
cfg_ce55fdbb4a3ddb9f,202608084,20,-0.4,0.5,1.0,4,success,1.0,1.0,0.0,0.0,,,
cfg_ce5805578351e646,202608080,5,0.0,1.0,0.75,4,success,0.9607728006543098,0.9574468085106385,0.0033259921436713524,0.003473814016723412,,,
cfg_ce5805578351e646,202608081,5,0.0,1.0,0.75,4,success,0.9478706176051854,0.9574468085106385,0.00957619090545303,0.01000179939013983,,,
cfg_ce5805578351e646,202608082,5,0.0,1.0,0.75,4,success,0.957425926050363,0.9574468085106385,2.0882460275428727e-05,2.1810569621003333e-05,,,
cfg_ce5805578351e646,202608083,5,0.0,1.0,0.75,4,success,0.9591781411222876,0.9574468085106385,0.00173133261164915,0.0018082807277224452,,,
cfg_ce5805578351e646,202608084,5,0.0,1.0,0.75,4,success,0.9595549521983084,0.9574468085106385,0.0021081436876699833,0.0022018389626775377,,,
cfg_ce6cdda01f1c619d,202608080,5,-0.4,0.1,1.0,4,success,1.0,1.0,0.0,0.0,,,
cfg_ce6cdda01f1c619d,202608081,5,-0.4,0.1,1.0,4,success,1.0,1.0,0.0,0.0,,,
cfg_ce6cdda01f1c619d,202608082,5,-0.4,0.1,1.0,4,success,1.0,1.0,0.0,0.0,,,
cfg_ce6cdda01f1c619d,202608083,5,-0.4,0.1,1.0,4,success,1.0,1.0,0.0,0.0,,,
cfg_ce6cdda01f1c619d,202608084,5,-0.4,0.1,1.0,4,success,1.0,1.0,0.0,0.0,,,
cfg_cefd9aa299bdcc9b,202608080,10,0.0,4.0,1.0,4,success,1.0,1.0,0.0,0.0,,,
cfg_cefd9aa299bdcc9b,202608081,10,0.0,4.0,1.0,4,success,1.0,1.0,0.0,0.0,,,
cfg_cefd9aa299bdcc9b,202608082,10,0.0,4.0,1.0,4,success,1.0,1.0,0.0,0.0,,,
cfg_cefd9aa299bdcc9b,202608083,10,0.0,4.0,1.0,4,success,1.0,1.0,0.0,0.0,,,
cfg_cefd9aa299bdcc9b,202608084,10,0.0,4.0,1.0,4,success,1.0,1.0,0.0,0.0,,,
cfg_cf7697fa0431bb45,202608080,10,0.0,1.0,0.5,4,success,0.8344427733606895,0.8333333333333333,0.0011094400273562455,0.0013313280328274947,,,
cfg_cf7697fa0431bb45,202608081,10,0.0,1.0,0.5,4,success,0.8187018844649331,0.8333333333333333,0.014631448868400176,0.01755773864208021,,,
cfg_cf7697fa0431bb45,202608082,10,0.0,1.0,0.5,4,success,0.8450616624611519,0.8333333333333333,0.011728329127818626,0.014073994953382353,,,
cfg_cf7697fa0431bb45,202608083,10,0.0,1.0,0.5,4,success,0.8241096329221893,0.8333333333333333,0.009223700411143954,0.011068440493372746,,,
cfg_cf7697fa0431bb45,202608084,10,0.0,1.0,0.5,4,success,0.7995209128606435,0.8333333333333333,0.03381242047268973,0.04057490456722768,,,
cfg_cfd5d3fddeec9253,202608080,2,-0.8,0.5,1.0,4,success,1.0,1.0,0.0,0.0,,,
cfg_cfd5d3fddeec9253,202608081,2,-0.8,0.5,1.0,4,success,1.0,1.0,0.0,0.0,,,
cfg_cfd5d3fddeec9253,202608082,2,-0.8,0.5,1.0,4,success,1.0,1.0,0.0,0.0,,,
cfg_cfd5d3fddeec9253,202608083,2,-0.8,0.5,1.0,4,success,1.0,1.0,0.0,0.0,,,
cfg_cfd5d3fddeec9253,202608084,2,-0.8,0.5,1.0,4,success,1.0,1.0,0.0,0.0,,,
cfg_d00ba32d8a085e65,202608080,10,0.8,1.0,1.0,4,success,1.0,1.0,0.0,0.0,,,
cfg_d00ba32d8a085e65,202608081,10,0.8,1.0,1.0,4,success,1.0,1.0,0.0,0.0,,,
cfg_d00ba32d8a085e65,202608082,10,0.8,1.0,1.0,4,success,1.0,1.0,0.0,0.0,,,
cfg_d00ba32d8a085e65,202608083,10,0.8,1.0,1.0,4,success,1.0,1.0,0.0,0.0,,,
cfg_d00ba32d8a085e65,202608084,10,0.8,1.0,1.0,4,success,1.0,1.0,0.0,0.0,,,
cfg_d0a18632f9b6ca8f,202608080,5,-0.4,1.0,0.0,4,success,0.4324617506973364,0.4347826086956523,0.002320857998315884,0.005337973396126532,0.8000000000000002,0.3652173913043479,0.3652173913043479
cfg_d0a18632f9b6ca8f,202608081,5,-0.4,1.0,0.0,4,success,0.436419693708192,0.4347826086956523,0.0016370850125397296,0.003765295528841377,0.8000000000000002,0.3652173913043479,0.3652173913043479
cfg_d0a18632f9b6ca8f,202608082,5,-0.4,1.0,0.0,4,success,0.42064828286116396,0.4347826086956523,0.014134325834488315,0.03250894941932312,0.8000000000000002,0.3652173913043479,0.3652173913043479
cfg_d0a18632f9b6ca8f,202608083,5,-0.4,1.0,0.0,4,success,0.40383962203196044,0.4347826086956523,0.03094298666369183,0.07116886932649119,0.8000000000000002,0.3652173913043479,0.3652173913043479
cfg_d0a18632f9b6ca8f,202608084,5,-0.4,1.0,0.0,4,success,0.4262495673626604,0.4347826086956523,0.008533041332991875,0.019625995065881308,0.8000000000000002,0.3652173913043479,0.3652173913043479
cfg_d0f7cc6d68dce551,202608080,10,-0.8,0.5,0.75,4,success,0.5235279668350002,0.5308181618776048,0.00729019504260453,0.013733883966625641,,,
cfg_d0f7cc6d68dce551,202608081,10,-0.8,0.5,0.75,4,success,0.5373270662078219,0.5308181618776048,0.0065089043302171135,0.012262022661760255,,,
cfg_d0f7cc6d68dce551,202608082,10,-0.8,0.5,0.75,4,success,0.5291945732080163,0.5308181618776048,0.0016235886695884494,0.0030586532002701405,,,
cfg_d0f7cc6d68dce551,202608083,10,-0.8,0.5,0.75,4,success,0.5250432613617556,0.5308181618776048,0.005774900515849168,0.010879244401552213,,,
cfg_d0f7cc6d68dce551,202608084,10,-0.8,0.5,0.75,4,success,0.5303012070211172,0.5308181618776048,0.000516954856487617,0.0009738831366640684,,,
cfg_d2848ee4beb9fa29,202608080,5,-0.4,1.0,0.5,4,success,0.26317134014764737,0.2631578947368421,1.34454108052795e-05,5.10925610600621e-05,,,
cfg_d2848ee4beb9fa29,202608081,5,-0.4,1.0,0.5,4,success,0.26068344627413137,0.2631578947368421,0.002474448462710721,0.00940290415830074,,,
cfg_d2848ee4beb9fa29,202608082,5,-0.4,1.0,0.5,4,success,0.2697808675193502,0.2631578947368421,0.006622972782508119,0.025167296573530853,,,
cfg_d2848ee4beb9fa29,202608083,5,-0.4,1.0,0.5,4,success,0.25568355353455907,0.2631578947368421,0.007474341202283019,0.028402496568675474,,,
cfg_d2848ee4beb9fa29,202608084,5,-0.4,1.0,0.5,4,success,0.2633668694390545,0.2631578947368421,0.00020897470221242775,0.0007941038684072255,,,
cfg_d2f4fa6fb03801e7,202608080,10,0.0,1.0,0.0,4,success,0.0003359516089289679,0.0,0.0003359516089289679,,0.0,0.0,0.0
cfg_d2f4fa6fb03801e7,202608081,10,0.0,1.0,0.0,4,success,0.00023953721534167652,0.0,0.00023953721534167652,,0.0,0.0,0.0
cfg_d2f4fa6fb03801e7,202608082,10,0.0,1.0,0.0,4,success,0.00023538729431529294,0.0,0.00023538729431529294,,0.0,0.0,0.0
cfg_d2f4fa6fb03801e7,202608083,10,0.0,1.0,0.0,4,success,0.0005092913333642953,0.0,0.0005092913333642953,,0.0,0.0,0.0
cfg_d2f4fa6fb03801e7,202608084,10,0.0,1.0,0.0,4,success,0.0001314086409694912,0.0,0.0001314086409694912,,0.0,0.0,0.0
cfg_d343bd10d5e4e52b,202608080,2,-0.4,0.5,0.5,4,success,0.21297551511220786,0.21052631578947367,0.0024491993227341857,0.011633696782987382,,,
cfg_d343bd10d5e4e52b,202608081,2,-0.4,0.5,0.5,4,success,0.1965906123553798,0.21052631578947367,0.013935703434093866,0.06619459131194587,,,
cfg_d343bd10d5e4e52b,202608082,2,-0.4,0.5,0.5,4,success,0.2201244290577369,0.21052631578947367,0.009598113268263236,0.04559103802425037,,,
cfg_d343bd10d5e4e52b,202608083,2,-0.4,0.5,0.5,4,success,0.22378026552065436,0.21052631578947367,0.013253949731180686,0.06295626122310827,,,
cfg_d343bd10d5e4e52b,202608084,2,-0.4,0.5,0.5,4,success,0.20727820134162275,0.21052631578947367,0.0032481144478509194,0.015428543627291867,,,
cfg_d3533db5a37ae87f,202608080,2,-0.4,0.5,0.75,4,success,0.6992543836578134,0.6961894953656025,0.0030648882922109655,0.00440237652623794,,,
cfg_d3533db5a37ae87f,202608081,2,-0.4,0.5,0.75,4,success,0.6938523082602847,0.6961894953656025,0.0023371871053178284,0.0033571134308633304,,,
cfg_d3533db5a37ae87f,202608082,2,-0.4,0.5,0.75,4,success,0.7004336706568195,0.6961894953656025,0.004244175291217012,0.006096293206762897,,,
cfg_d3533db5a37ae87f,202608083,2,-0.4,0.5,0.75,4,success,0.712301828333552,0.6961894953656025,0.01611233296794956,0.02314360253236542,,,
cfg_d3533db5a37ae87f,202608084,2,-0.4,0.5,0.75,4,success,0.6778209284833778,0.6961894953656025,0.018368566882224657,0.026384435566035713,,,
cfg_d4238b28239bf0d5,202608080,10,0.4,4.0,1.0,4,success,1.0,1.0,0.0,0.0,,,
cfg_d4238b28239bf0d5,202608081,10,0.4,4.0,1.0,4,success,1.0,1.0,0.0,0.0,,,
cfg_d4238b28239bf0d5,202608082,10,0.4,4.0,1.0,4,success,1.0,1.0,0.0,0.0,,,
cfg_d4238b28239bf0d5,202608083,10,0.4,4.0,1.0,4,success,1.0,1.0,0.0,0.0,,,
cfg_d4238b28239bf0d5,202608084,10,0.4,4.0,1.0,4,success,1.0,1.0,0.0,0.0,,,
cfg_d696e81617b6e56a,202608080,5,0.8,4.0,0.0,4,success,1.2720317697955106,1.311475409836066,0.03944364004055534,0.03007577553092344,3.2000000000000006,1.8885245901639347,1.8885245901639347
cfg_d696e81617b6e56a,202608081,5,0.8,4.0,0.0,4,success,1.3188954917507723,1.311475409836066,0.0074200819147063335,0.0056578124599635776,3.2000000000000006,1.8885245901639347,1.8885245901639347
cfg_d696e81617b6e56a,202608082,5,0.8,4.0,0.0,4,success,1.297541572188488,1.311475409836066,0.01393383764757794,0.010624551206278176,3.2000000000000006,1.8885245901639347,1.8885245901639347
cfg_d696e81617b6e56a,202608083,5,0.8,4.0,0.0,4,success,1.3409417279342173,1.311475409836066,0.029466318098151367,0.02246806754984041,3.2000000000000006,1.8885245901639347,1.8885245901639347
cfg_d696e81617b6e56a,202608084,5,0.8,4.0,0.0,4,success,1.281295370513279,1.311475409836066,0.0301800393227869,0.023012279983625004,3.2000000000000006,1.8885245901639347,1.8885245901639347
cfg_d6b73cd77323f1c4,202608080,10,0.8,0.5,0.0,4,success,5.523951076825418,5.423728813559324,0.10022226326609474,0.01847847978968621,6.400000000000001,0.9762711864406777,0.9762711864406777
cfg_d6b73cd77323f1c4,202608081,10,0.8,0.5,0.0,4,success,4.920426699998562,5.423728813559324,0.5033021135607614,0.09279632718776536,6.400000000000001,0.9762711864406777,0.9762711864406777
cfg_d6b73cd77323f1c4,202608082,10,0.8,0.5,0.0,4,success,5.158569839999691,5.423728813559324,0.26515897355963247,0.048888685750057226,6.400000000000001,0.9762711864406777,0.9762711864406777
cfg_d6b73cd77323f1c4,202608083,10,0.8,0.5,0.0,4,success,5.429521504637047,5.423728813559324,0.005792691077723511,0.001068027417455272,6.400000000000001,0.9762711864406777,0.9762711864406777
cfg_d6b73cd77323f1c4,202608084,10,0.8,0.5,0.0,4,success,5.264222634186839,5.423728813559324,0.15950617937248435,0.029408951821801792,6.400000000000001,0.9762711864406777,0.9762711864406777
cfg_d6bf118c13ef3158,202608080,10,-0.4,1.0,0.0,4,success,0.8867494912912984,0.8695652173913045,0.017184273899993885,0.019761914984992964,1.6000000000000003,0.7304347826086958,0.7304347826086958
cfg_d6bf118c13ef3158,202608081,10,-0.4,1.0,0.0,4,success,0.8322434562673281,0.8695652173913045,0.03732176112397645,0.042920025292572904,1.6000000000000003,0.7304347826086958,0.7304347826086958
cfg_d6bf118c13ef3158,202608082,10,-0.4,1.0,0.0,4,success,0.8920814742621219,0.8695652173913045,0.022516256870817375,0.025893695401439976,1.6000000000000003,0.7304347826086958,0.7304347826086958
cfg_d6bf118c13ef3158,202608083,10,-0.4,1.0,0.0,4,success,0.8370790104831947,0.8695652173913045,0.03248620690810988,0.037359137944326354,1.6000000000000003,0.7304347826086958,0.7304347826086958
cfg_d6bf118c13ef3158,202608084,10,-0.4,1.0,0.0,4,success,0.8669672996180909,0.8695652173913045,0.0025979177732136094,0.0029876054391956503,1.6000000000000003,0.7304347826086958,0.7304347826086958
cfg_d7bcf1ec069ccbc7,202608080,10,-0.4,4.0,0.75,4,success,0.7159910812268101,0.7164052564646037,0.00041417523779363474,0.0005781298141746652,,,
cfg_d7bcf1ec069ccbc7,202608081,10,-0.4,4.0,0.75,4,success,0.7162369389764018,0.7164052564646037,0.00016831748820189674,0.0002349473104546002,,,
cfg_d7bcf1ec069ccbc7,202608082,10,-0.4,4.0,0.75,4,success,0.7191414490828183,0.7164052564646037,0.0027361926182145613,0.003819336323294763,,,
cfg_d7bcf1ec069ccbc7,202608083,10,-0.4,4.0,0.75,4,success,0.7196892093372932,0.7164052564646037,0.003283952872689455,0.0045839318501032095,,,
cfg_d7bcf1ec069ccbc7,202608084,10,-0.4,4.0,0.75,4,success,0.7196969247453937,0.7164052564646037,0.003291668280789972,0.004594701464132274,,,
cfg_dd3e69bd21d492d0,202608080,2,0.0,0.1,0.25,4,success,0.15859698423641944,0.1680672268907563,0.009470242654336852,0.056347943793304274,,,
cfg_dd3e69bd21d492d0,202608081,2,0.0,0.1,0.25,4,success,0.15649214323612376,0.1680672268907563,0.011575083654632529,0.06887174774506355,,,
cfg_dd3e69bd21d492d0,202608082,2,0.0,0.1,0.25,4,success,0.17159115859349883,0.1680672268907563,0.0035239317027425388,0.020967393631318106,,,
cfg_dd3e69bd21d492d0,202608083,2,0.0,0.1,0.25,4,success,0.17175955578049376,0.1680672268907563,0.003692328889737473,0.021969356893937964,,,
cfg_dd3e69bd21d492d0,202608084,2,0.0,0.1,0.25,4,success,0.16425118581866074,0.1680672268907563,0.003816041072095544,0.02270544437896849,,,
cfg_dd54cc6eaa3272c7,202608080,5,-0.8,0.5,1.0,4,success,1.0,1.0,0.0,0.0,,,
cfg_dd54cc6eaa3272c7,202608081,5,-0.8,0.5,1.0,4,success,1.0,1.0,0.0,0.0,,,
cfg_dd54cc6eaa3272c7,202608082,5,-0.8,0.5,1.0,4,success,1.0,1.0,0.0,0.0,,,
cfg_dd54cc6eaa3272c7,202608083,5,-0.8,0.5,1.0,4,success,1.0,1.0,0.0,0.0,,,
cfg_dd54cc6eaa3272c7,202608084,5,-0.8,0.5,1.0,4,success,1.0,1.0,0.0,0.0,,,
cfg_dd86a6038af84570,202608080,5,0.0,0.5,0.0,4,success,0.000868983905542462,0.0,0.000868983905542462,,0.0,0.0,0.0
cfg_dd86a6038af84570,202608081,5,0.0,0.5,0.0,4,success,0.00099951656003078,0.0,0.00099951656003078,,0.0,0.0,0.0
cfg_dd86a6038af84570,202608082,5,0.0,0.5,0.0,4,success,0.000895228398119752,0.0,0.000895228398119752,,0.0,0.0,0.0
cfg_dd86a6038af84570,202608083,5,0.0,0.5,0.0,4,success,0.0005099475567703087,0.0,0.0005099475567703087,,0.0,0.0,0.0
cfg_dd86a6038af84570,202608084,5,0.0,0.5,0.0,4,success,0.0010309546460015508,0.0,0.0010309546460015508,,0.0,0.0,0.0
cfg_ddc5627416f01d30,202608080,10,0.4,0.5,1.0,4,success,1.0,1.0,0.0,0.0,,,
cfg_ddc5627416f01d30,202608081,10,0.4,0.5,1.0,4,success,1.0,1.0,0.0,0.0,,,
cfg_ddc5627416f01d30,202608082,10,0.4,0.5,1.0,4,success,1.0,1.0,0.0,0.0,,,
cfg_ddc5627416f01d30,202608083,10,0.4,0.5,1.0,4,success,1.0,1.0,0.0,0.0,,,
cfg_ddc5627416f01d30,202608084,10,0.4,0.5,1.0,4,success,1.0,1.0,0.0,0.0,,,
cfg_ddfd30b695bee20e,202608080,10,-0.4,4.0,0.5,4,success,0.2554650597700004,0.25069637883008355,0.004768680939916836,0.019021738415890492,,,
cfg_ddfd30b695bee20e,202608081,10,-0.4,4.0,0.5,4,success,0.24982382560522326,0.25069637883008355,0.0008725532248602952,0.0034805178636094,,,
cfg_ddfd30b695bee20e,202608082,10,-0.4,4.0,0.5,4,success,0.24835794887327614,0.25069637883008355,0.002338429956807414,0.009327737272154019,,,
cfg_ddfd30b695bee20e,202608083,10,-0.4,4.0,0.5,4,success,0.25855029658791423,0.25069637883008355,0.007853917757830675,0.03132840527845792,,,
cfg_ddfd30b695bee20e,202608084,10,-0.4,4.0,0.5,4,success,0.25281411738338133,0.25069637883008355,0.0021177385532977766,0.00844742378482113,,,
cfg_dee605adc2bce24b,202608080,10,-0.8,4.0,0.25,4,success,0.6006554218278966,0.6132665832290367,0.012611161401140158,0.020563914203083632,,,
cfg_dee605adc2bce24b,202608081,10,-0.8,4.0,0.25,4,success,0.6305789682301269,0.6132665832290367,0.017312385001090225,0.02822978697116547,,,
cfg_dee605adc2bce24b,202608082,10,-0.8,4.0,0.25,4,success,0.5990728776482516,0.6132665832290367,0.014193705580785143,0.02314443012050474,,,
cfg_dee605adc2bce24b,202608083,10,-0.8,4.0,0.25,4,success,0.5887221785216532,0.6132665832290367,0.024544404707383505,0.040022406859590624,,,
cfg_dee605adc2bce24b,202608084,10,-0.8,4.0,0.25,4,success,0.6096633433910744,0.6132665832290367,0.003603239837962291,0.005875487001085446,,,
cfg_dfad27ae283a2244,202608080,10,0.8,4.0,0.25,4,success,3.689685106437234,3.6170212765957457,0.07266382984148834,0.020089411779705593,,,
cfg_dfad27ae283a2244,202608081,10,0.8,4.0,0.25,4,success,3.568858087755996,3.6170212765957457,0.04816318883974979,0.013315705149813175,,,
cfg_dfad27ae283a2244,202608082,10,0.8,4.0,0.25,4,success,3.575869799343858,3.6170212765957457,0.0411514772518875,0.01137717312258066,,,
cfg_dfad27ae283a2244,202608083,10,0.8,4.0,0.25,4,success,3.627790700569052,3.6170212765957457,0.010769423973306491,0.002977428980855323,,,
cfg_dfad27ae283a2244,202608084,10,0.8,4.0,0.25,4,success,3.6169090199888942,3.6170212765957457,0.00011225660685143524,3.1035650129514436e-05,,,
cfg_e01b2656c60a9f72,202608080,20,-0.4,0.1,0.25,4,success,0.03773275304110841,0.02688533405027562,0.010847418990832788,0.40346974936402485,,,
cfg_e01b2656c60a9f72,202608081,20,-0.4,0.1,0.25,4,success,0.028251609727696497,0.02688533405027562,0.0013662756774208765,0.05081862382166941,,,
cfg_e01b2656c60a9f72,202608082,20,-0.4,0.1,0.25,4,success,0.055482709549934804,0.02688533405027562,0.028597375499659183,1.0636793817098216,,,
cfg_e01b2656c60a9f72,202608083,20,-0.4,0.1,0.25,4,success,0.02494507600517326,0.02688533405027562,0.0019402580451023596,0.07216789798758214,,,
cfg_e01b2656c60a9f72,202608084,20,-0.4,0.1,0.25,4,success,0.03174286308499611,0.02688533405027562,0.00485752903472049,0.1806757924464283,,,
cfg_e094a575d43ebfab,202608080,2,0.4,4.0,1.0,4,success,1.0,1.0,0.0,0.0,,,
cfg_e094a575d43ebfab,202608081,2,0.4,4.0,1.0,4,success,1.0,1.0,0.0,0.0,,,
cfg_e094a575d43ebfab,202608082,2,0.4,4.0,1.0,4,success,1.0,1.0,0.0,0.0,,,
cfg_e094a575d43ebfab,202608083,2,0.4,4.0,1.0,4,success,1.0,1.0,0.0,0.0,,,
cfg_e094a575d43ebfab,202608084,2,0.4,4.0,1.0,4,success,1.0,1.0,0.0,0.0,,,
cfg_e0c8af258816ca5c,202608080,2,0.0,0.1,0.5,4,success,0.603330658113853,0.6451612903225806,0.041830632208727625,0.06483747992352783,,,
cfg_e0c8af258816ca5c,202608081,2,0.0,0.1,0.5,4,success,0.6568321847417193,0.6451612903225806,0.011670894419138711,0.018089886349665,,,
cfg_e0c8af258816ca5c,202608082,2,0.0,0.1,0.5,4,success,0.678814465368945,0.6451612903225806,0.033653175046364336,0.05216242132186472,,,
cfg_e0c8af258816ca5c,202608083,2,0.0,0.1,0.5,4,success,0.6651287970551167,0.6451612903225806,0.01996750673253611,0.030949635435430972,,,
cfg_e0c8af258816ca5c,202608084,2,0.0,0.1,0.5,4,success,0.6752945305353957,0.6451612903225806,0.03013324021281505,0.046706522329863324,,,
cfg_e1553cd782adb44d,202608080,2,-0.8,0.1,1.0,4,success,1.0,1.0,0.0,0.0,,,
cfg_e1553cd782adb44d,202608081,2,-0.8,0.1,1.0,4,success,1.0,1.0,0.0,0.0,,,
cfg_e1553cd782adb44d,202608082,2,-0.8,0.1,1.0,4,success,1.0,1.0,0.0,0.0,,,
cfg_e1553cd782adb44d,202608083,2,-0.8,0.1,1.0,4,success,1.0,1.0,0.0,0.0,,,
cfg_e1553cd782adb44d,202608084,2,-0.8,0.1,1.0,4,success,1.0,1.0,0.0,0.0,,,
cfg_e25df2c48ee764d5,202608080,10,0.4,0.1,0.0,4,success,1.317181122881384,1.4760147601476017,0.1588336372662178,0.10760978924786255,1.6000000000000003,0.12398523985239862,0.12398523985239862
cfg_e25df2c48ee764d5,202608081,10,0.4,0.1,0.0,4,success,1.7753909570370567,1.4760147601476017,0.29937619688945505,0.20282737339260576,1.6000000000000003,0.12398523985239862,0.12398523985239862
cfg_e25df2c48ee764d5,202608082,10,0.4,0.1,0.0,4,success,1.4344158618509897,1.4760147601476017,0.04159889829661201,0.02818325359595463,1.6000000000000003,0.12398523985239862,0.12398523985239862
cfg_e25df2c48ee764d5,202608083,10,0.4,0.1,0.0,4,success,1.4821987937580117,1.4760147601476017,0.006184033610409978,0.004189682771052759,1.6000000000000003,0.12398523985239862,0.12398523985239862
cfg_e25df2c48ee764d5,202608084,10,0.4,0.1,0.0,4,success,1.3117567119662108,1.4760147601476017,0.1642580481813909,0.11128482764289231,1.6000000000000003,0.12398523985239862,0.12398523985239862
cfg_e275f79bc68521c9,202608080,5,-0.4,4.0,0.0,4,success,0.1840319326477769,0.1834862385321101,0.0005456941156667949,0.002974032930384032,0.8000000000000002,0.61651376146789,0.61651376146789
cfg_e275f79bc68521c9,202608081,5,-0.4,4.0,0.0,4,success,0.18038261706152892,0.1834862385321101,0.003103621470581186,0.016914737014667464,0.8000000000000002,0.61651376146789,0.61651376146789
cfg_e275f79bc68521c9,202608082,5,-0.4,4.0,0.0,4,success,0.18538016633524482,0.1834862385321101,0.001893927803134715,0.010321906527084196,0.8000000000000002,0.61651376146789,0.61651376146789
cfg_e275f79bc68521c9,202608083,5,-0.4,4.0,0.0,4,success,0.18103412612762623,0.1834862385321101,0.0024521124044838694,0.013364012604437087,0.8000000000000002,0.61651376146789,0.61651376146789
cfg_e275f79bc68521c9,202608084,5,-0.4,4.0,0.0,4,success,0.17283089391322562,0.1834862385321101,0.010655344618884482,0.05807162817292043,0.8000000000000002,0.61651376146789,0.61651376146789
cfg_e2b07bef4791c4a4,202608080,5,-0.8,4.0,0.75,4,success,0.5064665257418048,0.5101180438448568,0.003651518103051976,0.007158182595404367,,,
cfg_e2b07bef4791c4a4,202608081,5,-0.8,4.0,0.75,4,success,0.5137791836316509,0.5101180438448568,0.0036611397867940543,0.007177044276260739,,,
cfg_e2b07bef4791c4a4,202608082,5,-0.8,4.0,0.75,4,success,0.50600174861483,0.5101180438448568,0.0041162952300267674,0.00806929940960619,,,
cfg_e2b07bef4791c4a4,202608083,5,-0.8,4.0,0.75,4,success,0.5071341327461124,0.5101180438448568,0.0029839110987444073,0.005849452170431184,,,
cfg_e2b07bef4791c4a4,202608084,5,-0.8,4.0,0.75,4,success,0.5066749924342966,0.5101180438448568,0.0034430514105602272,0.0067495189635114515,,,
cfg_e43309c609d4f023,202608080,20,0.4,0.1,0.25,4,success,3.235132775129428,3.253125420083345,0.017992644953916948,0.00553087957901604,,,
cfg_e43309c609d4f023,202608081,20,0.4,0.1,0.25,4,success,3.3521637847442562,3.253125420083345,0.09903836466091143,0.03044406589721157,,,
cfg_e43309c609d4f023,202608082,20,0.4,0.1,0.25,4,success,3.177212650012571,3.253125420083345,0.07591277007077402,0.02333533456844991,,,
cfg_e43309c609d4f023,202608083,20,0.4,0.1,0.25,4,success,3.247413737818805,3.253125420083345,0.005711682264539775,0.0017557522465252637,,,
cfg_e43309c609d4f023,202608084,20,0.4,0.1,0.25,4,success,3.34436577718544,3.253125420083345,0.091240357102095,0.028046984152168785,,,
cfg_e4c55f74ea9c7b14,202608080,5,0.8,4.0,0.75,4,success,1.497367057594025,1.5219224283305228,0.024555370736497828,0.01613444304348278,,,
cfg_e4c55f74ea9c7b14,202608081,5,0.8,4.0,0.75,4,success,1.5320980811490839,1.5219224283305228,0.010175652818561032,0.006686052212084977,,,
cfg_e4c55f74ea9c7b14,202608082,5,0.8,4.0,0.75,4,success,1.5279340769383043,1.5219224283305228,0.006011648607781472,0.003950036148935638,,,
cfg_e4c55f74ea9c7b14,202608083,5,0.8,4.0,0.75,4,success,1.5330018415993314,1.5219224283305228,0.011079413268808569,0.0072798804082033035,,,
cfg_e4c55f74ea9c7b14,202608084,5,0.8,4.0,0.75,4,success,1.5283570799857766,1.5219224283305228,0.006434651655253809,0.0042279761014576275,,,
cfg_e53bc87f2ce2862a,202608080,2,0.4,0.5,0.25,4,success,0.6441442386412956,0.654939106901218,0.010794868259922485,0.016482247198518006,,,
cfg_e53bc87f2ce2862a,202608081,2,0.4,0.5,0.25,4,success,0.6052151979707108,0.654939106901218,0.049723908930507266,0.07592142293315053,,,
cfg_e53bc87f2ce2862a,202608082,2,0.4,0.5,0.25,4,success,0.6222133865445248,0.654939106901218,0.03272572035669319,0.04996757715619062,,,
cfg_e53bc87f2ce2862a,202608083,2,0.4,0.5,0.25,4,success,0.7009616501142886,0.654939106901218,0.04602254321307053,0.07026995750921304,,,
cfg_e53bc87f2ce2862a,202608084,2,0.4,0.5,0.25,4,success,0.6198079131539654,0.654939106901218,0.0351311937472526,0.05364039706450344,,,
cfg_e5fdde0abe083cdb,202608080,20,-0.4,0.5,0.25,4,success,0.02840777658213877,0.02440512507626606,0.004002651505872711,0.16400864545313404,,,
cfg_e5fdde0abe083cdb,202608081,20,-0.4,0.5,0.25,4,success,0.021622183848720423,0.02440512507626606,0.0027829412275456357,0.11403101679868222,,,
cfg_e5fdde0abe083cdb,202608082,20,-0.4,0.5,0.25,4,success,0.01727987586165117,0.02440512507626606,0.0071252492146148885,0.29195708656884456,,,
cfg_e5fdde0abe083cdb,202608083,20,-0.4,0.5,0.25,4,success,0.025145345894413338,0.02440512507626606,0.0007402208181472789,0.0303305480235847,,,
cfg_e5fdde0abe083cdb,202608084,20,-0.4,0.5,0.25,4,success,0.03199427514629034,0.02440512507626606,0.007589150070024277,0.3109654241192442,,,
cfg_e6e89736c5c0369e,202608080,5,0.8,0.1,0.25,4,success,3.9171377240732315,4.035185702317789,0.1180479782445576,0.02925465813797652,,,
cfg_e6e89736c5c0369e,202608081,5,0.8,0.1,0.25,4,success,4.004773424359211,4.035185702317789,0.030412277958578038,0.007536772828350722,,,
cfg_e6e89736c5c0369e,202608082,5,0.8,0.1,0.25,4,success,4.257878181517728,4.035185702317789,0.22269247919993873,0.05518766560657304,,,
cfg_e6e89736c5c0369e,202608083,5,0.8,0.1,0.25,4,success,4.074268092032905,4.035185702317789,0.039082389715115795,0.009685400523863642,,,
cfg_e6e89736c5c0369e,202608084,5,0.8,0.1,0.25,4,success,3.8857636114124516,4.035185702317789,0.14942209090533742,0.03702979290878984,,,
cfg_e778961128214855,202608080,5,0.8,4.0,0.25,4,success,2.1699553740752973,2.143916913946588,0.02603846012870914,0.012145274828200662,,,
cfg_e778961128214855,202608081,5,0.8,4.0,0.25,4,success,2.1887575033367166,2.143916913946588,0.04484058939012847,0.020915264532142964,,,
cfg_e778961128214855,202608082,5,0.8,4.0,0.25,4,success,2.200432562582228,2.143916913946588,0.05651564863563996,0.026360932304789843,,,
cfg_e778961128214855,202608083,5,0.8,4.0,0.25,4,success,2.123706476204816,2.143916913946588,0.020210437741772225,0.009426875458792025,,,
cfg_e778961128214855,202608084,5,0.8,4.0,0.25,4,success,2.208554995857396,2.143916913946588,0.06463808191080789,0.030149527479504848,,,
cfg_e797785596704a07,202608080,20,-0.8,0.5,0.75,4,success,0.5284550144408311,0.5342753063252015,0.005820291884370388,0.010893806648865979,,,
cfg_e797785596704a07,202608081,20,-0.8,0.5,0.75,4,success,0.531490552677535,0.5342753063252015,0.0027847536476665047,0.005212207292192328,,,
cfg_e797785596704a07,202608082,20,-0.8,0.5,0.75,4,success,0.5321516823276535,0.5342753063252015,0.002123623997547952,0.003974774750782417,,,
cfg_e797785596704a07,202608083,20,-0.8,0.5,0.75,4,success,0.5274743584309757,0.5342753063252015,0.006800947894225806,0.01272929482929578,,,
cfg_e797785596704a07,202608084,20,-0.8,0.5,0.75,4,success,0.5393609822628359,0.5342753063252015,0.005085675937634426,0.0095188302312046,,,
cfg_e80c22d2fb59fdaa,202608080,2,-0.4,0.5,0.25,4,success,0.007316679078808054,0.005412719891745612,0.0019039591870624421,0.35175645980978554,,,
cfg_e80c22d2fb59fdaa,202608081,2,-0.4,0.5,0.25,4,success,0.005779264027515411,0.005412719891745612,0.00036654413576979895,0.06771902908347023,,,
cfg_e80c22d2fb59fdaa,202608082,2,-0.4,0.5,0.25,4,success,0.0078002627008557784,0.005412719891745612,0.0023875428091101663,0.4410985339831024,,,
cfg_e80c22d2fb59fdaa,202608083,2,-0.4,0.5,0.25,4,success,0.012386909955123855,0.005412719891745612,0.006974190063378243,1.288481614209128,,,
cfg_e80c22d2fb59fdaa,202608084,2,-0.4,0.5,0.25,4,success,0.006093074210477318,0.005412719891745612,0.0006803543187317062,0.1256954603856825,,,
cfg_e88b33fd8a883d45,202608080,10,-0.8,1.0,1.0,4,success,1.0,1.0,0.0,0.0,,,
cfg_e88b33fd8a883d45,202608081,10,-0.8,1.0,1.0,4,success,1.0,1.0,0.0,0.0,,,
cfg_e88b33fd8a883d45,202608082,10,-0.8,1.0,1.0,4,success,1.0,1.0,0.0,0.0,,,
cfg_e88b33fd8a883d45,202608083,10,-0.8,1.0,1.0,4,success,1.0,1.0,0.0,0.0,,,
cfg_e88b33fd8a883d45,202608084,10,-0.8,1.0,1.0,4,success,1.0,1.0,0.0,0.0,,,
cfg_e91898bd6bd260b2,202608080,10,0.0,0.1,0.25,4,success,0.504584416561091,0.5025125628140703,0.00207185374702068,0.004122988956571153,,,
cfg_e91898bd6bd260b2,202608081,10,0.0,0.1,0.25,4,success,0.4701629859345812,0.5025125628140703,0.032349576879489084,0.06437565799018329,,,
cfg_e91898bd6bd260b2,202608082,10,0.0,0.1,0.25,4,success,0.5493522765460718,0.5025125628140703,0.046839713732001464,0.09321103032668292,,,
cfg_e91898bd6bd260b2,202608083,10,0.0,0.1,0.25,4,success,0.48924741481549544,0.5025125628140703,0.013265147998574867,0.026397644517163987,,,
cfg_e91898bd6bd260b2,202608084,10,0.0,0.1,0.25,4,success,0.5271936517601288,0.5025125628140703,0.02468108894605847,0.04911536700265636,,,
cfg_ea4308857707de04,202608080,20,0.4,0.1,0.0,4,success,2.937873650517584,2.9520295202952034,0.014155869777619401,0.004795300887168571,3.2000000000000006,0.24797047970479724,0.24797047970479724
cfg_ea4308857707de04,202608081,20,0.4,0.1,0.0,4,success,3.140723743999673,2.9520295202952034,0.18869422370446953,0.06392016827988904,3.2000000000000006,0.24797047970479724,0.24797047970479724
cfg_ea4308857707de04,202608082,20,0.4,0.1,0.0,4,success,2.8343313119992026,2.9520295202952034,0.11769820829600075,0.03987026806027025,3.2000000000000006,0.24797047970479724,0.24797047970479724
cfg_ea4308857707de04,202608083,20,0.4,0.1,0.0,4,success,2.8230187322911395,2.9520295202952034,0.12901078800406385,0.04370240443637662,3.2000000000000006,0.24797047970479724,0.24797047970479724
cfg_ea4308857707de04,202608084,20,0.4,0.1,0.0,4,success,2.6420421434223815,2.9520295202952034,0.30998737687282185,0.10500822391566839,3.2000000000000006,0.24797047970479724,0.24797047970479724
cfg_eaaad88e6ab6c910,202608080,2,0.0,0.5,0.75,4,success,0.9012000790189307,0.9230769230769231,0.021876844057992395,0.023699914396158428,,,
cfg_eaaad88e6ab6c910,202608081,2,0.0,0.5,0.75,4,success,0.9301762219511299,0.9230769230769231,0.007099298874206794,0.007690907113724027,,,
cfg_eaaad88e6ab6c910,202608082,2,0.0,0.5,0.75,4,success,0.9194778410124866,0.9230769230769231,0.0035990820644364874,0.0038990055698061945,,,
cfg_eaaad88e6ab6c910,202608083,2,0.0,0.5,0.75,4,success,0.9270153394394975,0.9230769230769231,0.003938416362574415,0.004266617726122282,,,
cfg_eaaad88e6ab6c910,202608084,2,0.0,0.5,0.75,4,success,0.9230495387820171,0.9230769230769231,2.738429490600769e-05,2.966631948150833e-05,,,
cfg_ec0e5b7fb5ff1907,202608080,5,0.0,0.1,0.75,4,success,0.9812866924197798,0.9761388286334057,0.005147863786374107,0.005273700456707696,,,
cfg_ec0e5b7fb5ff1907,202608081,5,0.0,0.1,0.75,4,success,0.9674693021996371,0.9761388286334057,0.008669526433768615,0.008881448191038513,,,
cfg_ec0e5b7fb5ff1907,202608082,5,0.0,0.1,0.75,4,success,0.9836816513508548,0.9761388286334057,0.007542822717449105,0.0077272028283200825,,,
cfg_ec0e5b7fb5ff1907,202608083,5,0.0,0.1,0.75,4,success,0.9715085540719006,0.9761388286334057,0.00463027456150511,0.004743459050786346,,,
cfg_ec0e5b7fb5ff1907,202608084,5,0.0,0.1,0.75,4,success,0.9760448874785127,0.9761388286334057,9.394115489302912e-05,9.623749423485871e-05,,,
cfg_ec6e694ae7641bfa,202608080,10,0.0,0.5,0.0,4,success,0.0011389454145873169,0.0,0.0011389454145873169,,0.0,0.0,0.0
cfg_ec6e694ae7641bfa,202608081,10,0.0,0.5,0.0,4,success,0.00011903600870747535,0.0,0.00011903600870747535,,0.0,0.0,0.0
cfg_ec6e694ae7641bfa,202608082,10,0.0,0.5,0.0,4,success,0.002462197544970722,0.0,0.002462197544970722,,0.0,0.0,0.0
cfg_ec6e694ae7641bfa,202608083,10,0.0,0.5,0.0,4,success,0.0007741842152143219,0.0,0.0007741842152143219,,0.0,0.0,0.0
cfg_ec6e694ae7641bfa,202608084,10,0.0,0.5,0.0,4,success,0.0005437004325754284,0.0,0.0005437004325754284,,0.0,0.0,0.0
cfg_ed5647047c25ec89,202608080,10,-0.8,1.0,0.25,4,success,0.8836051398532516,0.8812949640287776,0.0023101758244740145,0.0026213423640970433,,,
cfg_ed5647047c25ec89,202608081,10,-0.8,1.0,0.25,4,success,0.905585661710207,0.8812949640287776,0.02429069768142944,0.027562505940560734,,,
cfg_ed5647047c25ec89,202608082,10,-0.8,1.0,0.25,4,success,0.8450671349960838,0.8812949640287776,0.03622782903269384,0.04110749580036277,,,
cfg_ed5647047c25ec89,202608083,10,-0.8,1.0,0.25,4,success,0.8414658218342375,0.8812949640287776,0.039829142194540146,0.045193883796253685,,,
cfg_ed5647047c25ec89,202608084,10,-0.8,1.0,0.25,4,success,0.8937399643519273,0.8812949640287776,0.012445000323149658,0.014121265672798377,,,
cfg_edaf322cff543dd0,202608080,2,-0.4,0.1,0.75,4,success,0.7131054615512953,0.7084468664850138,0.004658595066281523,0.0065757861127896874,,,
cfg_edaf322cff543dd0,202608081,2,-0.4,0.1,0.75,4,success,0.7112805822951659,0.7084468664850138,0.0028337158101521265,0.003999898855099347,,,
cfg_edaf322cff543dd0,202608082,2,-0.4,0.1,0.75,4,success,0.7025654709411137,0.7084468664850138,0.005881395543900103,0.008301816017735913,,,
cfg_edaf322cff543dd0,202608083,2,-0.4,0.1,0.75,4,success,0.7104253221452573,0.7084468664850138,0.001978455660243572,0.0027926662588822725,,,
cfg_edaf322cff543dd0,202608084,2,-0.4,0.1,0.75,4,success,0.7029063776221995,0.7084468664850138,0.005540488862814219,0.007820613125587761,,,
cfg_ede7c1a30c45d619,202608080,20,0.8,0.1,0.0,4,success,12.128703142566575,12.355212355212357,0.22650921264578194,0.018333089398517972,12.800000000000002,0.4447876447876453,0.4447876447876453
cfg_ede7c1a30c45d619,202608081,20,0.8,0.1,0.0,4,success,11.964580528893935,12.355212355212357,0.3906318263184225,0.03161676344264732,12.800000000000002,0.4447876447876453,0.4447876447876453
cfg_ede7c1a30c45d619,202608082,20,0.8,0.1,0.0,4,success,12.397605629820367,12.355212355212357,0.04239327460800979,0.003431205663585792,12.800000000000002,0.4447876447876453,0.4447876447876453
cfg_ede7c1a30c45d619,202608083,20,0.8,0.1,0.0,4,success,14.54117095702112,12.355212355212357,2.1859586018087622,0.17692602433389668,12.800000000000002,0.4447876447876453,0.4447876447876453
cfg_ede7c1a30c45d619,202608084,20,0.8,0.1,0.0,4,success,11.61799569672425,12.355212355212357,0.7372166584881068,0.059668473296381135,12.800000000000002,0.4447876447876453,0.4447876447876453
cfg_ee0d3cd77666a6fc,202608080,10,0.8,4.0,1.0,4,success,1.0,1.0,0.0,0.0,,,
cfg_ee0d3cd77666a6fc,202608081,10,0.8,4.0,1.0,4,success,1.0,1.0,0.0,0.0,,,
cfg_ee0d3cd77666a6fc,202608082,10,0.8,4.0,1.0,4,success,1.0,1.0,0.0,0.0,,,
cfg_ee0d3cd77666a6fc,202608083,10,0.8,4.0,1.0,4,success,1.0,1.0,0.0,0.0,,,
cfg_ee0d3cd77666a6fc,202608084,10,0.8,4.0,1.0,4,success,1.0,1.0,0.0,0.0,,,
cfg_ef3991790fae24c2,202608080,20,0.8,1.0,1.0,4,success,1.0,1.0,0.0,0.0,,,
cfg_ef3991790fae24c2,202608081,20,0.8,1.0,1.0,4,success,1.0,1.0,0.0,0.0,,,
cfg_ef3991790fae24c2,202608082,20,0.8,1.0,1.0,4,success,1.0,1.0,0.0,0.0,,,
cfg_ef3991790fae24c2,202608083,20,0.8,1.0,1.0,4,success,1.0,1.0,0.0,0.0,,,
cfg_ef3991790fae24c2,202608084,20,0.8,1.0,1.0,4,success,1.0,1.0,0.0,0.0,,,
cfg_f01aa0c78eb38150,202608080,20,0.0,0.1,0.25,4,success,0.6793380290573778,0.6688963210702341,0.010441707987143722,0.015610353440779864,,,
cfg_f01aa0c78eb38150,202608081,20,0.0,0.1,0.25,4,success,0.644776686245721,0.6688963210702341,0.02411963482451307,0.03605885406264704,,,
cfg_f01aa0c78eb38150,202608082,20,0.0,0.1,0.25,4,success,0.6655767424916448,0.6688963210702341,0.003319578578589333,0.004962769974991053,,,
cfg_f01aa0c78eb38150,202608083,20,0.0,0.1,0.25,4,success,0.6711681188955276,0.6688963210702341,0.00227179782529352,0.0033963377488138123,,,
cfg_f01aa0c78eb38150,202608084,20,0.0,0.1,0.25,4,success,0.6603198915780637,0.6688963210702341,0.008576429492170412,0.012821762090794766,,,
cfg_f02c331ccfb95b27,202608080,5,0.4,0.5,0.75,4,success,1.2356704366859337,1.2451529513140887,0.00948251462815497,0.007615542024895393,,,
cfg_f02c331ccfb95b27,202608081,5,0.4,0.5,0.75,4,success,1.2513291932470607,1.2451529513140887,0.00617624193297206,0.004960227517795208,,,
cfg_f02c331ccfb95b27,202608082,5,0.4,0.5,0.75,4,success,1.2450186766465647,1.2451529513140887,0.00013427466752391481,0.00010783789042318557,,,
cfg_f02c331ccfb95b27,202608083,5,0.4,0.5,0.75,4,success,1.2489066962202284,1.2451529513140887,0.0037537449061397776,0.0030146857879413233,,,
cfg_f02c331ccfb95b27,202608084,5,0.4,0.5,0.75,4,success,1.2518086925401235,1.2451529513140887,0.00665574122603485,0.0053453202026390615,,,
cfg_f1a9be1e76509269,202608080,2,-0.4,0.5,1.0,4,success,1.0,1.0,0.0,0.0,,,
cfg_f1a9be1e76509269,202608081,2,-0.4,0.5,1.0,4,success,1.0,1.0,0.0,0.0,,,
cfg_f1a9be1e76509269,202608082,2,-0.4,0.5,1.0,4,success,1.0,1.0,0.0,0.0,,,
cfg_f1a9be1e76509269,202608083,2,-0.4,0.5,1.0,4,success,1.0,1.0,0.0,0.0,,,
cfg_f1a9be1e76509269,202608084,2,-0.4,0.5,1.0,4,success,1.0,1.0,0.0,0.0,,,
cfg_f1ba153359a729fa,202608080,2,0.0,1.0,0.75,4,success,0.909115311900246,0.9,0.009115311900245948,0.010128124333606608,,,
cfg_f1ba153359a729fa,202608081,2,0.0,1.0,0.75,4,success,0.8918466254494091,0.9,0.008153374550590953,0.009059305056212169,,,
cfg_f1ba153359a729fa,202608082,2,0.0,1.0,0.75,4,success,0.8884305343094886,0.9,0.011569465690511427,0.01285496187834603,,,
cfg_f1ba153359a729fa,202608083,2,0.0,1.0,0.75,4,success,0.8942726959453065,0.9,0.005727304054693572,0.006363671171881746,,,
cfg_f1ba153359a729fa,202608084,2,0.0,1.0,0.75,4,success,0.8964864330924519,0.9,0.0035135669075481157,0.0039039632306090174,,,
cfg_f231ebf634352521,202608080,10,0.4,0.1,0.5,4,success,1.789840038635846,1.7683146878383251,0.021525350797520826,0.01217280552243474,,,
cfg_f231ebf634352521,202608081,10,0.4,0.1,0.5,4,success,1.7858948328724797,1.7683146878383251,0.017580145034154615,0.00994175140604948,,,
cfg_f231ebf634352521,202608082,10,0.4,0.1,0.5,4,success,1.8003118154004327,1.7683146878383251,0.0319971275621076,0.018094702137673505,,,
cfg_f231ebf634352521,202608083,10,0.4,0.1,0.5,4,success,1.7667218597463792,1.7683146878383251,0.0015928280919459414,0.0009007605393433071,,,
cfg_f231ebf634352521,202608084,10,0.4,0.1,0.5,4,success,1.8526420655389186,1.7683146878383251,0.08432737770059351,0.04768799257313156,,,
cfg_f2881b6e3a9273fb,202608080,2,0.8,0.1,0.25,4,success,2.0289726172332214,2.0416813846697286,0.012708767436507173,0.006224657545458788,,,
cfg_f2881b6e3a9273fb,202608081,2,0.8,0.1,0.25,4,success,2.01837957461129,2.0416813846697286,0.023301810058438566,0.011413049182602,,,
cfg_f2881b6e3a9273fb,202608082,2,0.8,0.1,0.25,4,success,2.0566967434855394,2.0416813846697286,0.015015358815810842,0.007354408444214616,,,
cfg_f2881b6e3a9273fb,202608083,2,0.8,0.1,0.25,4,success,1.9959868943361982,2.0416813846697286,0.045694490333530347,0.022380813518031898,,,
cfg_f2881b6e3a9273fb,202608084,2,0.8,0.1,0.25,4,success,2.025258943091104,2.0416813846697286,0.016422441578624714,0.008043586870084178,,,
cfg_f303313b914725bb,202608080,2,-0.8,1.0,0.75,4,success,0.5070305546178694,0.5000000000000001,0.007030554617869278,0.014061109235738552,,,
cfg_f303313b914725bb,202608081,2,-0.8,1.0,0.75,4,success,0.5071730574661457,0.5000000000000001,0.007173057466145605,0.014346114932291206,,,
cfg_f303313b914725bb,202608082,2,-0.8,1.0,0.75,4,success,0.4911424581879405,0.5000000000000001,0.00885754181205961,0.017715083624119218,,,
cfg_f303313b914725bb,202608083,2,-0.8,1.0,0.75,4,success,0.5045964086006403,0.5000000000000001,0.004596408600640145,0.009192817201280288,,,
cfg_f303313b914725bb,202608084,2,-0.8,1.0,0.75,4,success,0.5103336662369324,0.5000000000000001,0.010333666236932326,0.02066733247386465,,,
cfg_f3f9bd53e065b06a,202608080,2,0.0,0.1,0.0,4,success,0.006569552004313486,0.0,0.006569552004313486,,0.0,0.0,0.0
cfg_f3f9bd53e065b06a,202608081,2,0.0,0.1,0.0,4,success,0.0035710782171157825,0.0,0.0035710782171157825,,0.0,0.0,0.0
cfg_f3f9bd53e065b06a,202608082,2,0.0,0.1,0.0,4,success,0.0025524669872002076,0.0,0.0025524669872002076,,0.0,0.0,0.0
cfg_f3f9bd53e065b06a,202608083,2,0.0,0.1,0.0,4,success,0.0022612154319141442,0.0,0.0022612154319141442,,0.0,0.0,0.0
cfg_f3f9bd53e065b06a,202608084,2,0.0,0.1,0.0,4,success,0.011849033039443074,0.0,0.011849033039443074,,0.0,0.0,0.0
cfg_f4a924bfa172376c,202608080,20,-0.4,4.0,0.75,4,success,0.7314171827069372,0.7333477977869387,0.0019306150800014743,0.0026326050011026016,,,
cfg_f4a924bfa172376c,202608081,20,-0.4,4.0,0.75,4,success,0.72967009708593,0.7333477977869387,0.0036777007010087015,0.00501494749436364,,,
cfg_f4a924bfa172376c,202608082,20,-0.4,4.0,0.75,4,success,0.7307388731934601,0.7333477977869387,0.002608924593478612,0.003557554275545243,,,
cfg_f4a924bfa172376c,202608083,20,-0.4,4.0,0.75,4,success,0.7323320499497493,0.7333477977869387,0.0010157478371893847,0.0013850833673390158,,,
cfg_f4a924bfa172376c,202608084,20,-0.4,4.0,0.75,4,success,0.736295499545423,0.7333477977869387,0.0029477017584842446,0.004019514025104699,,,
cfg_f52742f816def4f3,202608080,10,0.4,4.0,0.75,4,success,1.2239599925556268,1.22509537939805,0.0011353868424230917,0.0009267742426560809,,,
cfg_f52742f816def4f3,202608081,10,0.4,4.0,0.75,4,success,1.2210401466435599,1.22509537939805,0.004055232754490046,0.0033101363556546776,,,
cfg_f52742f816def4f3,202608082,10,0.4,4.0,0.75,4,success,1.2343022265509331,1.22509537939805,0.009206847152883224,0.0075152084545507016,,,
cfg_f52742f816def4f3,202608083,10,0.4,4.0,0.75,4,success,1.2249019344870475,1.22509537939805,0.0001934449110023717,0.00015790191870401207,,,
cfg_f52742f816def4f3,202608084,10,0.4,4.0,0.75,4,success,1.2198038226960908,1.22509537939805,0.0052915567019591325,0.004319301820042074,,,
cfg_f68c02356defdfdb,202608080,5,0.4,1.0,0.25,4,success,1.1070512600953692,1.122448979591837,0.015397719496467843,0.013717968278671347,,,
cfg_f68c02356defdfdb,202608081,5,0.4,1.0,0.25,4,success,1.1580703410541993,1.122448979591837,0.03562136146236217,0.031735394757377196,,,
cfg_f68c02356defdfdb,202608082,5,0.4,1.0,0.25,4,success,1.1750527171398601,1.122448979591837,0.052603737548023055,0.04686514799732962,,,
cfg_f68c02356defdfdb,202608083,5,0.4,1.0,0.25,4,success,1.0925082413869207,1.122448979591837,0.029940738204916384,0.026674475855289134,,,
cfg_f68c02356defdfdb,202608084,5,0.4,1.0,0.25,4,success,1.0526108154063476,1.122448979591837,0.06983816418548949,0.06221945536525426,,,
cfg_f79fb413b8e958e2,202608080,10,-0.8,4.0,0.0,4,success,2.620660814060652,2.622950819672132,0.0022900056114796286,0.0008730646393766082,6.400000000000001,3.7770491803278694,3.7770491803278694
cfg_f79fb413b8e958e2,202608081,10,-0.8,4.0,0.0,4,success,2.5621678376958448,2.622950819672132,0.060782981976287065,0.023173511878459438,6.400000000000001,3.7770491803278694,3.7770491803278694
cfg_f79fb413b8e958e2,202608082,10,-0.8,4.0,0.0,4,success,2.689743382168906,2.622950819672132,0.06679256249677401,0.025464664451895085,6.400000000000001,3.7770491803278694,3.7770491803278694
cfg_f79fb413b8e958e2,202608083,10,-0.8,4.0,0.0,4,success,2.7578248200009634,2.622950819672132,0.13487400032883157,0.05142071262536702,6.400000000000001,3.7770491803278694,3.7770491803278694
cfg_f79fb413b8e958e2,202608084,10,-0.8,4.0,0.0,4,success,2.6395965051610664,2.622950819672132,0.016645685488934525,0.006346167592656286,6.400000000000001,3.7770491803278694,3.7770491803278694
cfg_f84c47b73cdfdba7,202608080,10,0.8,0.5,0.25,4,success,5.574669149624989,5.606207565470418,0.03153841584542949,0.005625624002878512,,,
cfg_f84c47b73cdfdba7,202608081,10,0.8,0.5,0.25,4,success,5.363497560947741,5.606207565470418,0.2427100045226771,0.04329308212160554,,,
cfg_f84c47b73cdfdba7,202608082,10,0.8,0.5,0.25,4,success,5.50995123445779,5.606207565470418,0.09625633101262832,0.017169598144294078,,,
cfg_f84c47b73cdfdba7,202608083,10,0.8,0.5,0.25,4,success,5.438187308789062,5.606207565470418,0.16802025668135645,0.029970395266172744,,,
cfg_f84c47b73cdfdba7,202608084,10,0.8,0.5,0.25,4,success,5.570578163837236,5.606207565470418,0.035629401633182844,0.006355348284396454,,,
cfg_fa1d2223d5d36775,202608080,20,-0.8,1.0,0.5,4,success,0.03671132621807037,0.03745318352059923,0.0007418573025288616,0.019807589977520617,,,
cfg_fa1d2223d5d36775,202608081,20,-0.8,1.0,0.5,4,success,0.03577561333529279,0.03745318352059923,0.00167757018530644,0.04479112394768198,,,
cfg_fa1d2223d5d36775,202608082,20,-0.8,1.0,0.5,4,success,0.04396279686183067,0.03745318352059923,0.006509613341231436,0.17380667621087945,,,
cfg_fa1d2223d5d36775,202608083,20,-0.8,1.0,0.5,4,success,0.041036263269760266,0.03745318352059923,0.0035830797491610347,0.09566822930259967,,,
cfg_fa1d2223d5d36775,202608084,20,-0.8,1.0,0.5,4,success,0.03427407406336457,0.03745318352059923,0.0031791094572346593,0.08488222250816545,,,
cfg_fab5a97c4b23678b,202608080,5,-0.8,0.5,0.5,4,success,0.03184618429635066,0.03236245954692555,0.0005162752505748908,0.01595290524276413,,,
cfg_fab5a97c4b23678b,202608081,5,-0.8,0.5,0.5,4,success,0.02081362093930054,0.03236245954692555,0.011548838607625008,0.35685911297561296,,,
cfg_fab5a97c4b23678b,202608082,5,-0.8,0.5,0.5,4,success,0.03206496980689552,0.03236245954692555,0.0002974897400300283,0.00919243296692788,,,
cfg_fab5a97c4b23678b,202608083,5,-0.8,0.5,0.5,4,success,0.03260587098346963,0.03236245954692555,0.0002434114365440776,0.007521413389212001,,,
cfg_fab5a97c4b23678b,202608084,5,-0.8,0.5,0.5,4,success,0.023469076943505474,0.03236245954692555,0.008893382603420076,0.2748055224456805,,,
cfg_fb489ff43b643192,202608080,2,0.4,4.0,0.0,4,success,0.07121540977620748,0.07339449541284405,0.002179085636636574,0.029690041799173315,0.32000000000000006,0.24660550458715602,0.24660550458715602
cfg_fb489ff43b643192,202608081,2,0.4,4.0,0.0,4,success,0.07200521426895914,0.07339449541284405,0.00138928114388491,0.018928955585431895,0.32000000000000006,0.24660550458715602,0.24660550458715602
cfg_fb489ff43b643192,202608082,2,0.4,4.0,0.0,4,success,0.07426520196993175,0.07339449541284405,0.0008707065570876943,0.011863376840319831,0.32000000000000006,0.24660550458715602,0.24660550458715602
cfg_fb489ff43b643192,202608083,2,0.4,4.0,0.0,4,success,0.08017491722219452,0.07339449541284405,0.00678042180935047,0.09238324715240014,0.32000000000000006,0.24660550458715602,0.24660550458715602
cfg_fb489ff43b643192,202608084,2,0.4,4.0,0.0,4,success,0.06991633201426313,0.07339449541284405,0.0034781633985809246,0.047389976305665084,0.32000000000000006,0.24660550458715602,0.24660550458715602
cfg_fd305b3c58ac34cb,202608080,10,0.0,0.1,0.5,4,success,0.9122838349870801,0.9009009009009008,0.011382934086179297,0.012635056835659022,,,
cfg_fd305b3c58ac34cb,202608081,10,0.0,0.1,0.5,4,success,0.9021118476443875,0.9009009009009008,0.0012109467434866517,0.0013441508852701835,,,
cfg_fd305b3c58ac34cb,202608082,10,0.0,0.1,0.5,4,success,0.9097753719152498,0.9009009009009008,0.008874471014349017,0.00985066282592741,,,
cfg_fd305b3c58ac34cb,202608083,10,0.0,0.1,0.5,4,success,0.9029072164836295,0.9009009009009008,0.0020063155827286794,0.0022270102968288343,,,
cfg_fd305b3c58ac34cb,202608084,10,0.0,0.1,0.5,4,success,0.8624607268215884,0.9009009009009008,0.03844017407931244,0.04266859322803681,,,
cfg_fe3be2c19878ae97,202608080,10,0.4,0.1,0.75,4,success,1.2604202818141221,1.2691581397391418,0.008737857925019687,0.006884766879260322,,,
cfg_fe3be2c19878ae97,202608081,10,0.4,0.1,0.75,4,success,1.268273103440575,1.2691581397391418,0.0008850362985668436,0.0006973412302652455,,,
cfg_fe3be2c19878ae97,202608082,10,0.4,0.1,0.75,4,success,1.262332094447861,1.2691581397391418,0.006826045291280725,0.005378404059783854,,,
cfg_fe3be2c19878ae97,202608083,10,0.4,0.1,0.75,4,success,1.256681681716527,1.2691581397391418,0.012476458022614878,0.009830499156849944,,,
cfg_fe3be2c19878ae97,202608084,10,0.4,0.1,0.75,4,success,1.2790902737330774,1.2691581397391418,0.009932133993935555,0.007825765507816836,,,
cfg_fe736b6121df0ef1,202608080,10,0.0,0.5,1.0,4,success,1.0,1.0,0.0,0.0,,,
cfg_fe736b6121df0ef1,202608081,10,0.0,0.5,1.0,4,success,1.0,1.0,0.0,0.0,,,
cfg_fe736b6121df0ef1,202608082,10,0.0,0.5,1.0,4,success,1.0,1.0,0.0,0.0,,,
cfg_fe736b6121df0ef1,202608083,10,0.0,0.5,1.0,4,success,1.0,1.0,0.0,0.0,,,
cfg_fe736b6121df0ef1,202608084,10,0.0,0.5,1.0,4,success,1.0,1.0,0.0,0.0,,,
cfg_fecef479379c92ec,202608080,20,-0.4,0.1,0.5,4,success,0.3406749148445066,0.3414911781445646,0.0008162633000579622,0.0023902910303363993,,,
cfg_fecef479379c92ec,202608081,20,-0.4,0.1,0.5,4,success,0.36666188451031306,0.3414911781445646,0.025170706365748474,0.07370821847436679,,,
cfg_fecef479379c92ec,202608082,20,-0.4,0.1,0.5,4,success,0.33739054135965013,0.3414911781445646,0.004100636784914458,0.012008031385157837,,,
cfg_fecef479379c92ec,202608083,20,-0.4,0.1,0.5,4,success,0.34821921020841345,0.3414911781445646,0.0067280320638488655,0.019701920560304096,,,
cfg_fecef479379c92ec,202608084,20,-0.4,0.1,0.5,4,success,0.3192812627015778,0.3414911781445646,0.022209915442986783,0.06503803572221296,,,
cfg_fee2b24742114d94,202608080,2,0.0,4.0,0.25,4,success,0.04009131234387656,0.0425531914893617,0.002461879145485138,0.05785415991890074,,,
cfg_fee2b24742114d94,202608081,2,0.0,4.0,0.25,4,success,0.041219507998420064,0.0425531914893617,0.0013336834909416367,0.03134156203712846,,,
cfg_fee2b24742114d94,202608082,2,0.0,4.0,0.25,4,success,0.043152134468298096,0.0425531914893617,0.0005989429789363954,0.014075160005005291,,,
cfg_fee2b24742114d94,202608083,2,0.0,4.0,0.25,4,success,0.041387953220041455,0.0425531914893617,0.0011652382693202457,0.027383099329025773,,,
cfg_fee2b24742114d94,202608084,2,0.0,4.0,0.25,4,success,0.04247966415796321,0.0425531914893617,7.352733139848883e-05,0.0017278922878644874,,,
cfg_ff0003062af82242,202608080,20,0.0,0.5,1.0,4,success,1.0,1.0,0.0,0.0,,,
cfg_ff0003062af82242,202608081,20,0.0,0.5,1.0,4,success,1.0,1.0,0.0,0.0,,,
cfg_ff0003062af82242,202608082,20,0.0,0.5,1.0,4,success,1.0,1.0,0.0,0.0,,,
cfg_ff0003062af82242,202608083,20,0.0,0.5,1.0,4,success,1.0,1.0,0.0,0.0,,,
cfg_ff0003062af82242,202608084,20,0.0,0.5,1.0,4,success,1.0,1.0,0.0,0.0,,,
cfg_ff0c41f2c83fae7a,202608080,5,0.0,4.0,0.75,4,success,0.8976792011863538,0.9,0.0023207988136462188,0.0025786653484957986,,,
cfg_ff0c41f2c83fae7a,202608081,5,0.0,4.0,0.75,4,success,0.8903272304513125,0.9,0.009672769548687565,0.010747521720763962,,,
cfg_ff0c41f2c83fae7a,202608082,5,0.0,4.0,0.75,4,success,0.9115165711851787,0.9,0.011516571185178681,0.01279619020575409,,,
cfg_ff0c41f2c83fae7a,202608083,5,0.0,4.0,0.75,4,success,0.9022809670514819,0.9,0.0022809670514818414,0.002534407834979824,,,
cfg_ff0c41f2c83fae7a,202608084,5,0.0,4.0,0.75,4,success,0.8955427672395561,0.9,0.004457232760443963,0.0049524808449377365,,,
cfg_ff24796df39c7fee,202608080,20,0.0,1.0,0.25,4,success,0.524028501248621,0.5263157894736842,0.0022872882250631887,0.004345847627620059,,,
cfg_ff24796df39c7fee,202608081,20,0.0,1.0,0.25,4,success,0.5171968427788045,0.5263157894736842,0.00911894669487967,0.017325998720271376,,,
cfg_ff24796df39c7fee,202608082,20,0.0,1.0,0.25,4,success,0.5207705738323422,0.5263157894736842,0.005545215641342027,0.010535909718549853,,,
cfg_ff24796df39c7fee,202608083,20,0.0,1.0,0.25,4,success,0.5394920468941927,0.5263157894736842,0.013176257420508541,0.02503488909896623,,,
cfg_ff24796df39c7fee,202608084,20,0.0,1.0,0.25,4,success,0.519749225100878,0.5263157894736842,0.006566564372806227,0.012476472308331833,,,
